video_path,action,species,parent_class
./video/animalkingdom/PFKNCBQT.mp4,Eating,Plantain Squirrel,Mammal
./video/animalkingdom/VBAPLFFP.mp4,Climbing,Maroon Macaque,Mammal
./video/animalkingdom/NWLFHRAC.mp4,Walking,Ocelot,Mammal
./video/animalkingdom/NFFWWRAC.mp4,Sensing,Capuchin Monkey,Mammal
./video/animalkingdom/UIXKNTEK.mp4,Walking,Malayan Tapir,Mammal
./video/animalkingdom/ENLEURAC.mp4,Walking,Agouti,Mammal
./video/animalkingdom/DGUKDBQT.mp4,Eating,Lesser Mousedeer,Mammal
./video/animalkingdom/JGSCKIMN.mp4,Exploring,Yellow-Throated Martens,Mammal
./video/animalkingdom/BYFDLEZZ.mp4,Walking,Civet Cat,Mammal
./video/animalkingdom/PWJTIFGA.mp4,Running,Wild Dog,Mammal
./video/animalkingdom/QVDBKUDX.mp4,Sensing,Ibex,Mammal
./video/animalkingdom/XXHVQBQT.mp4,Jumping,Raffles Banded Langur,Mammal
./video/animalkingdom/OJJFUVMP.mp4,Walking,Coyote,Mammal
./video/animalkingdom/DLTMKBQT.mp4,Jumping,Plantain Squirrel,Mammal
./video/animalkingdom/XATQFKEW.mp4,Running,Pika,Mammal
./video/animalkingdom/WDDLCXGD.mp4,Eating,Kangaroo,Mammal
./video/animalkingdom/TQZLNKEW.mp4,Eating,Giraffe,Mammal
./video/animalkingdom/USRNZDSN.mp4,Walking,Desert Fox,Mammal
./video/animalkingdom/LSKSGHGA.mp4,Keeping still,Coati,Mammal
./video/animalkingdom/BLUEYBQT.mp4,Jumping,Raffles Banded Langur,Mammal
./video/animalkingdom/CHRNUAMC.mp4,Sensing,Lion,Mammal
./video/animalkingdom/DAWAFGCS.mp4,Keeping still,Lion,Mammal
./video/animalkingdom/LBKQRVYU.mp4,Sensing,Leopard,Mammal
./video/animalkingdom/MQNEXXGD.mp4,Eating,Horse,Mammal
./video/animalkingdom/HHDLXDPR.mp4,Sensing,Coyote,Mammal
./video/animalkingdom/JMVZOTEK.mp4,Sensing,Red-Ruffed Lemur,Mammal
./video/animalkingdom/DOTINFGA.mp4,Walking,Caribou,Mammal
./video/animalkingdom/ZEJKKDSN.mp4,Sensing,Jaculus Jaculus,Mammal
./video/animalkingdom/NTWBIDSN.mp4,Walking,Desert Fox,Mammal
./video/animalkingdom/XBYOARLL.mp4,Sensing,Southern Grasshopper Mouse,Mammal
./video/animalkingdom/ECVCYXGD.mp4,Running,Horse,Mammal
./video/animalkingdom/IXHKTAMC.mp4,Walking,Lion Young,Mammal
./video/animalkingdom/APDAFUPH.mp4,Eating,Chamois Goat Antelope,Mammal
./video/animalkingdom/KPHGKGCS.mp4,Walking,Giraffe,Mammal
./video/animalkingdom/MXNJHUDX.mp4,Walking,Leopard,Mammal
./video/animalkingdom/JQJDZUXS.mp4,Eating,Zebra,Mammal
./video/animalkingdom/CFUGEAMC.mp4,Walking,Lion,Mammal
./video/animalkingdom/OOYUYNPL.mp4,Eating,Squirrel,Mammal
./video/animalkingdom/CMEXXNPO.mp4,Keeping still,Hyena,Mammal
./video/animalkingdom/LJHLIFJG.mp4,Sensing,Sumatran Serow,Mammal
./video/animalkingdom/DGQFYFJG.mp4,Keeping still,Sambar Deer,Mammal
./video/animalkingdom/JPQWUBQT.mp4,Eating,Raffles Banded Langur,Mammal
./video/animalkingdom/NRUTENPO.mp4,Attending,Lion,Mammal
./video/animalkingdom/PANOKUDX.mp4,Walking,Elephant,Mammal
./video/animalkingdom/RSNNETEK.mp4,Sensing,Sri Lankan Leopard,Mammal
./video/animalkingdom/RSAHUBME.mp4,Walking,Horse,Mammal
./video/animalkingdom/QFRJWBQT.mp4,Exploring,Greater Mouse Deer,Mammal
./video/animalkingdom/IGSJKDPO.mp4,Keeping still,Leopard,Mammal
./video/animalkingdom/ZNIVVAMC.mp4,Walking,Lion Young,Mammal
./video/animalkingdom/NWARGXGD.mp4,Walking,Horse,Mammal
./video/animalkingdom/ODTSRNPL.mp4,Exploring,Chimpanzee,Mammal
./video/animalkingdom/HCOWMEBY.mp4,Sensing,Fox,Mammal
./video/animalkingdom/PFFOTBQT.mp4,Exploring,Lesser Mousedeer,Mammal
./video/animalkingdom/EDNIWFYY.mp4,Sensing,Otter,Mammal
./video/animalkingdom/TUBJVCNX.mp4,Sensing,Wolf,Mammal
./video/animalkingdom/RGFLQBQT.mp4,Eating,Raffles Banded Langur,Mammal
./video/animalkingdom/RSHHDXGD.mp4,Eating,Kangaroo,Mammal
./video/animalkingdom/HLMWBXGD.mp4,Running,Horse,Mammal
./video/animalkingdom/IKSBHMYV.mp4,Walking,Gorilla,Mammal
./video/animalkingdom/OQQRVXGD.mp4,Eating,Dog,Mammal
./video/animalkingdom/LNWEUXGD.mp4,Sensing,Kangaroo,Mammal
./video/animalkingdom/EXYCJBQT.mp4,Attending,Raffles Banded Langur,Mammal
./video/animalkingdom/CXDJFXGD.mp4,Running,Horse,Mammal
./video/animalkingdom/KLAHEUDX.mp4,Walking,Cheetah,Mammal
./video/animalkingdom/OEVLAFGA.mp4,Walking,Polar Bear,Mammal
./video/animalkingdom/ZNIZUXDO.mp4,Walking,Hippopotamus,Mammal
./video/animalkingdom/LCNEONPO.mp4,Walking,Lion,Mammal
./video/animalkingdom/LCNXSUDX.mp4,Walking,Cheetah,Mammal
./video/animalkingdom/ZYLJEAEY.mp4,Attending,Monkey,Mammal
./video/animalkingdom/LCYINAMC.mp4,Walking,Rhinoceros,Mammal
./video/animalkingdom/MVDCSFGA.mp4,Walking,Wild Dog,Mammal
./video/animalkingdom/JVEGZUDX.mp4,Walking,Elephant,Mammal
./video/animalkingdom/RXIYDMHZ.mp4,Walking,Horse Young,Mammal
./video/animalkingdom/MPNZGXGD.mp4,Eating,Kangaroo Young,Mammal
./video/animalkingdom/QHORLKEW.mp4,Walking,Giraffe,Mammal
./video/animalkingdom/IESWATEK.mp4,Walking,Malayan Tapir,Mammal
./video/animalkingdom/RJALNXGD.mp4,Running,Dog,Mammal
./video/animalkingdom/JVGYLBQT.mp4,Eating,Raffles Banded Langur,Mammal
./video/animalkingdom/TOUYKXGD.mp4,Eating,Kangaroo,Mammal
./video/animalkingdom/TVQAXWBC.mp4,Running,Mongoose,Mammal
./video/animalkingdom/GPBPWXGD.mp4,Eating,Horse,Mammal
./video/animalkingdom/QTXPJFGA.mp4,Eating,Wildebeest,Mammal
./video/animalkingdom/PXMMUEBY.mp4,Walking,Fox,Mammal
./video/animalkingdom/OVSJMMYV.mp4,Eating,Mountain Gorilla,Mammal
./video/animalkingdom/DXIHBXGD.mp4,Running,Horse,Mammal
./video/animalkingdom/DRZLHQCN.mp4,Climbing,Ibex,Mammal
./video/animalkingdom/DDTEBBQT.mp4,Jumping,Raffles Banded Langur,Mammal
./video/animalkingdom/JKGQQTEK.mp4,Walking,White Rhinoceros,Mammal
./video/animalkingdom/VILYPFFP.mp4,Walking,Maroon Macaque,Mammal
./video/animalkingdom/LNCTHNJC.mp4,Running,Mouse,Mammal
./video/animalkingdom/JBVMVFYY.mp4,Walking,Otter,Mammal
./video/animalkingdom/PLJYQXGD.mp4,Running,Horse,Mammal
./video/animalkingdom/KIYNNTCN.mp4,Eating,Horse Young,Mammal
./video/animalkingdom/ADPMWRAC.mp4,Sensing,Jaguarundi Cat,Mammal
./video/animalkingdom/FUMBOFJG.mp4,Walking,Feas Muntjac,Mammal
./video/animalkingdom/GCEGAUDX.mp4,Attending,Cheetah,Mammal
./video/animalkingdom/VRANOBQT.mp4,Eating,Greater Mouse Deer,Mammal
./video/animalkingdom/KJYIONJC.mp4,Attending,Gorilla,Mammal
./video/animalkingdom/WGAVYDSN.mp4,Jumping,Jaculus Jaculus,Mammal
./video/animalkingdom/VPHJJNPO.mp4,Attending,Lion,Mammal
./video/animalkingdom/RLZIZGCS.mp4,Walking,Elephant,Mammal
./video/animalkingdom/USORNTCN.mp4,Walking,Horse Young,Mammal
./video/animalkingdom/UFVKXFFP.mp4,Eating,Maroon Macaque,Mammal
./video/animalkingdom/AJCINFGA.mp4,Walking,Caribou,Mammal
./video/animalkingdom/DOUAHKEW.mp4,Walking,Giraffe,Mammal
./video/animalkingdom/FRDHDBQT.mp4,Eating,Otter,Mammal
./video/animalkingdom/ZNNXYEZZ.mp4,Attending,Sambar Deer,Mammal
./video/animalkingdom/IULTCNBD.mp4,Sensing,Serow,Mammal
./video/animalkingdom/DXORPXGD.mp4,Eating,Horse,Mammal
./video/animalkingdom/FCKGNXGD.mp4,Keeping still,Kangaroo,Mammal
./video/animalkingdom/CZRSPDPR.mp4,Walking,Anteater,Mammal
./video/animalkingdom/MTNNEXGD.mp4,Jumping,Kangaroo,Mammal
./video/animalkingdom/TRBAWFGA.mp4,Running,Wolf,Mammal
./video/animalkingdom/HHUHSFGA.mp4,Running,Wildebeest,Mammal
./video/animalkingdom/OEMJZRAC.mp4,Eating,Agouti,Mammal
./video/animalkingdom/FECPVTEK.mp4,Keeping still,Colugo,Mammal
./video/animalkingdom/PLMDRTEK.mp4,Sensing,Thamin Deer,Mammal
./video/animalkingdom/GBTWSIKV.mp4,Sensing,Otter,Mammal
./video/animalkingdom/LAARPFGA.mp4,Exploring,Polar Bear,Mammal
./video/animalkingdom/RNPAHFFP.mp4,Eating,Otter,Mammal
./video/animalkingdom/HDULNFFP.mp4,Walking,Maroon Macaque,Mammal
./video/animalkingdom/KYTBXEBY.mp4,Keeping still,Fox,Mammal
./video/animalkingdom/RBZZJXGD.mp4,Jumping,Kangaroo,Mammal
./video/animalkingdom/XOAJLTHG.mp4,Attending,Campbells Monkey,Mammal
./video/animalkingdom/IACDZXGD.mp4,Walking,Horse,Mammal
./video/animalkingdom/LCRPXFFP.mp4,Eating,Maroon Macaque,Mammal
./video/animalkingdom/DQUXVTHG.mp4,Walking,Sooty Mangabey,Mammal
./video/animalkingdom/CSONVXGD.mp4,Jumping,Rabbit,Mammal
./video/animalkingdom/AKCLZBQT.mp4,Eating,Otter,Mammal
./video/animalkingdom/BRAOUNSU.mp4,Sensing,Hyena,Mammal
./video/animalkingdom/ESJCMBME.mp4,Eating,Horse,Mammal
./video/animalkingdom/RHTRXAMC.mp4,Walking,Lion Young,Mammal
./video/animalkingdom/MESVDXGD.mp4,Walking,Platypus,Mammal
./video/animalkingdom/IQVEBQCN.mp4,Climbing,Ibex,Mammal
./video/animalkingdom/LKEERFGA.mp4,Running,Wild Dog,Mammal
./video/animalkingdom/FXLJUUDX.mp4,Walking,Elephant,Mammal
./video/animalkingdom/MGGHGFFP.mp4,Eating,Maroon Macaque,Mammal
./video/animalkingdom/VVTBOEZZ.mp4,Walking,Sambar Deer,Mammal
./video/animalkingdom/VISBAIMN.mp4,Walking,Bearded Pig,Mammal
./video/animalkingdom/GQTPHUDX.mp4,Walking,Cheetah,Mammal
./video/animalkingdom/OEDFGSMJ.mp4,Walking,Marshbuck,Mammal
./video/animalkingdom/LCJCXLQI.mp4,Walking,Seven Banded Civet,Mammal
./video/animalkingdom/VPSUEUDX.mp4,Walking,Leopard,Mammal
./video/animalkingdom/BMLXIQCN.mp4,Jumping,Ibex,Mammal
./video/animalkingdom/JLOUIFFP.mp4,Running,Maroon Macaque,Mammal
./video/animalkingdom/YLZBNFGA.mp4,Running,Wild Dog,Mammal
./video/animalkingdom/FDVOPXGD.mp4,Running,Horse,Mammal
./video/animalkingdom/PEUCLKEW.mp4,Running,Goat,Mammal
./video/animalkingdom/SBEZABQT.mp4,Sensing,Raffles Banded Langur,Mammal
./video/animalkingdom/DXIJIRAC.mp4,Walking,White Nosed Coati,Mammal
./video/animalkingdom/IAKDVEBY.mp4,Walking,Fox,Mammal
./video/animalkingdom/UNCZLXGD.mp4,Eating,Horse,Mammal
./video/animalkingdom/KGAYSDSN.mp4,Walking,Cheetah,Mammal
./video/animalkingdom/QFPOKNPL.mp4,Keeping still,Squirrel,Mammal
./video/animalkingdom/PFNWIXGD.mp4,Running,Horse,Mammal
./video/animalkingdom/LVXAOBQT.mp4,Jumping,Raffles Banded Langur,Mammal
./video/animalkingdom/ASYDRFGA.mp4,Attending,Caribou,Mammal
./video/animalkingdom/SFLYKXGD.mp4,Walking,Horse,Mammal
./video/animalkingdom/PREPEKEW.mp4,Jumping,Pika,Mammal
./video/animalkingdom/YRLCQRAC.mp4,Walking,Opossum,Mammal
./video/animalkingdom/HWRGEFGA.mp4,Running,Wolf,Mammal
./video/animalkingdom/PODPPRAC.mp4,Jumping,Coyote,Mammal
./video/animalkingdom/TCPFAICI.mp4,Keeping still,Cheetah,Mammal
./video/animalkingdom/MBSJOFFP.mp4,Eating,Otter,Mammal
./video/animalkingdom/OZVOPFGA.mp4,Walking,Polar Bear,Mammal
./video/animalkingdom/IKJGSTHG.mp4,Keeping still,Red River Hog,Mammal
./video/animalkingdom/VHJQPUDX.mp4,Walking,Elephant,Mammal
./video/animalkingdom/KIANSCNX.mp4,Sensing,Wolf,Mammal
./video/animalkingdom/ELXOTSMJ.mp4,Walking,Elephant,Mammal
./video/animalkingdom/CIWHUXGD.mp4,Eating,Horse,Mammal
./video/animalkingdom/TAUEYSMJ.mp4,Walking,Elephant,Mammal
./video/animalkingdom/EFTITUDX.mp4,Walking,Cheetah,Mammal
./video/animalkingdom/RLUONTHG.mp4,Keeping still,Red River Hog,Mammal
./video/animalkingdom/OVZNZAMC.mp4,Walking,Lion,Mammal
./video/animalkingdom/FOQZQZON.mp4,Attending,Deer,Mammal
./video/animalkingdom/SEVEJFGA.mp4,Walking,Elephant,Mammal
./video/animalkingdom/HKVZTXGD.mp4,Walking,Horse,Mammal
./video/animalkingdom/PAAMUKEW.mp4,Running,Stoat,Mammal
./video/animalkingdom/AKXVOXGD.mp4,Eating,Horse,Mammal
./video/animalkingdom/BWSZOIMN.mp4,Running,Short-Clawed Otter,Mammal
./video/animalkingdom/UCEJCNBD.mp4,Walking,Stump-Tailed Macaque,Mammal
./video/animalkingdom/RTCDLBQT.mp4,Jumping,Raffles Banded Langur,Mammal
./video/animalkingdom/LZKYWTEK.mp4,Sensing,Sumatran Orangutan,Mammal
./video/animalkingdom/FBUZLRAC.mp4,Sensing,Red-Blacked Squirrel Monkey,Mammal
./video/animalkingdom/AGELRXDO.mp4,Walking,Tiger,Mammal
./video/animalkingdom/IBTSPUDX.mp4,Walking,Cheetah,Mammal
./video/animalkingdom/KURRZFGA.mp4,Running,Wild Dog,Mammal
./video/animalkingdom/KBSUZUDX.mp4,Walking,Elephant,Mammal
./video/animalkingdom/QDHDOTEK.mp4,Walking,Malayan Tapir,Mammal
./video/animalkingdom/MZVYUTEK.mp4,Eating,Otter,Mammal
./video/animalkingdom/GCAXIXGD.mp4,Running,Horse,Mammal
./video/animalkingdom/AXSLLFGA.mp4,Walking,Zebra,Mammal
./video/animalkingdom/SKNBJUDX.mp4,Walking,Elephant,Mammal
./video/animalkingdom/ZKKIJBQT.mp4,Eating,Greater Mouse Deer,Mammal
./video/animalkingdom/HXNAZRAC.mp4,Sensing,Jaguarundi Cat,Mammal
./video/animalkingdom/QTSUUFGA.mp4,Running,Wildebeest,Mammal
./video/animalkingdom/DRFRXWBC.mp4,Running,Mongoose,Mammal
./video/animalkingdom/BSIVMFKM.mp4,Walking,Meerkat,Mammal
./video/animalkingdom/QXVMVUDX.mp4,Walking,Elephant,Mammal
./video/animalkingdom/HAKTOBME.mp4,Eating,Horse,Mammal
./video/animalkingdom/JOBCMHGA.mp4,Attending,Meerkat,Mammal
./video/animalkingdom/HDEOCXGD.mp4,Eating,Horse,Mammal
./video/animalkingdom/KJNFUWBC.mp4,Running,Mongoose,Mammal
./video/animalkingdom/DQZODUPH.mp4,Eating,Squirrel,Mammal
./video/animalkingdom/XGKJCBQT.mp4,Keeping still,Raffles Banded Langur,Mammal
./video/animalkingdom/CAOOPFGA.mp4,Running,Wildebeest,Mammal
./video/animalkingdom/VEUJRRAC.mp4,Eating,Capuchin Monkey,Mammal
./video/animalkingdom/CGYOREBY.mp4,Eating,Fox,Mammal
./video/animalkingdom/VFWIFCNX.mp4,Eating,Wolf,Mammal
./video/animalkingdom/KDQLRTEK.mp4,Sensing,Proboscis Monkey,Mammal
./video/animalkingdom/SBGJWNJC.mp4,Walking,Elephant,Mammal
./video/animalkingdom/DKOETQCN.mp4,Walking,Ibex,Mammal
./video/animalkingdom/CAZTCEBY.mp4,Sensing,Fox,Mammal
./video/animalkingdom/JPLDNNPL.mp4,Running,Squirrel,Mammal
./video/animalkingdom/YLOXBXGD.mp4,Running,Horse,Mammal
./video/animalkingdom/PQFYUDSN.mp4,Walking,Markhor Goat,Mammal
./video/animalkingdom/IUZEQEBY.mp4,Keeping still,Fox,Mammal
./video/animalkingdom/MQFMBVYU.mp4,Sensing,Leopard,Mammal
./video/animalkingdom/SCGCMBQT.mp4,Sensing,Raffles Banded Langur,Mammal
./video/animalkingdom/VDOTMAMC.mp4,Running,Lion Young,Mammal
./video/animalkingdom/TEQOPXGD.mp4,Running,Horse,Mammal
./video/animalkingdom/TLHREXGD.mp4,Running,Horse,Mammal
./video/animalkingdom/RBPVFTCN.mp4,Eating,Horse Young,Mammal
./video/animalkingdom/JFUYFXGD.mp4,Running,Horse,Mammal
./video/animalkingdom/RZDUWEZZ.mp4,Exploring,Jackal,Mammal
./video/animalkingdom/JCBOWTHG.mp4,Exploring,Forest Buffalo,Mammal
./video/animalkingdom/LCDTUAEY.mp4,Attending,Monkey,Mammal
./video/animalkingdom/GAUMQAMC.mp4,Walking,Lion Young,Mammal
./video/animalkingdom/FURINQRY.mp4,Exploring,Ring-Tailed Lemur,Mammal
./video/animalkingdom/CJOCVEBY.mp4,Sensing,Fox,Mammal
./video/animalkingdom/SGYRTKEW.mp4,Walking,Antelope,Mammal
./video/animalkingdom/DHVBBNPL.mp4,Exploring,Squirrel,Mammal
./video/animalkingdom/ERLIEXDO.mp4,Walking,Lion,Mammal
./video/animalkingdom/FBQKWUDX.mp4,Walking,Elephant,Mammal
./video/animalkingdom/ZQGZGIVA.mp4,Attending,Sea Otter,Mammal
./video/animalkingdom/PBUSSSMJ.mp4,Walking,Elephant,Mammal
./video/animalkingdom/FKSLOHGA.mp4,Attending,Meerkat,Mammal
./video/animalkingdom/AHCNIRAC.mp4,Running,White Nosed Coati,Mammal
./video/animalkingdom/QNIZFUDX.mp4,Walking,Cheetah,Mammal
./video/animalkingdom/MAZLYUDX.mp4,Eating,Wildebeest,Mammal
./video/animalkingdom/KKOYXBQT.mp4,Sensing,Raffles Banded Langur,Mammal
./video/animalkingdom/IFUBGCNX.mp4,Walking,Wolf,Mammal
./video/animalkingdom/XWBFDXGD.mp4,Running,Horse,Mammal
./video/animalkingdom/GGBSPBQT.mp4,Jumping,Lesser Mousedeer,Mammal
./video/animalkingdom/GNBCOCNX.mp4,Sensing,Wolf,Mammal
./video/animalkingdom/DSDOQUDX.mp4,Keeping still,Gazelle,Mammal
./video/animalkingdom/XOOHHUDX.mp4,Walking,Elephant,Mammal
./video/animalkingdom/JNTIADSN.mp4,Sensing,Snow Leopard,Mammal
./video/animalkingdom/PKHBHNPL.mp4,Attending,Grey Langur,Mammal
./video/animalkingdom/OQFUJDSN.mp4,Keeping still,Desert Fox,Mammal
./video/animalkingdom/JRYYFTEK.mp4,Sensing,Sri Lankan Leopard,Mammal
./video/animalkingdom/KCSEVGCS.mp4,Walking,Leopard,Mammal
./video/animalkingdom/CITKIRAC.mp4,Walking,Capuchin Monkey,Mammal
./video/animalkingdom/RLSZUKEW.mp4,Running,Pika,Mammal
./video/animalkingdom/HZYULXGD.mp4,Running,Horse,Mammal
./video/animalkingdom/NNVDQAMC.mp4,Walking,Lion Young,Mammal
./video/animalkingdom/QAAUPUDX.mp4,Exploring,Leopard,Mammal
./video/animalkingdom/TAYQNAMC.mp4,Jumping,Lion Young,Mammal
./video/animalkingdom/NFQWOXGD.mp4,Keeping still,Horse,Mammal
./video/animalkingdom/QOPQIVMP.mp4,Sensing,Bison,Mammal
./video/animalkingdom/TABWSFGA.mp4,Running,Wolf,Mammal
./video/animalkingdom/BHAACICI.mp4,Keeping still,Cheetah,Mammal
./video/animalkingdom/TEZHSBQT.mp4,Attending,Raffles Banded Langur,Mammal
./video/animalkingdom/MCCZCDSN.mp4,Walking,Cheetah,Mammal
./video/animalkingdom/BYPZMFGA.mp4,Keeping still,Wildebeest,Mammal
./video/animalkingdom/TTOEWXGD.mp4,Walking,Wombat,Mammal
./video/animalkingdom/WNJGZFFP.mp4,Jumping,Squirrel,Mammal
./video/animalkingdom/XXOXBEZZ.mp4,Keeping still,Sambar Deer,Mammal
./video/animalkingdom/OUISIXGD.mp4,Walking,Horse,Mammal
./video/animalkingdom/AHAEZVYU.mp4,Walking,Leopard,Mammal
./video/animalkingdom/ZOXWLEBY.mp4,Sensing,Fox,Mammal
./video/animalkingdom/PGTAMTHG.mp4,Exploring,Bongo,Mammal
./video/animalkingdom/HPPJAFGA.mp4,Walking,Caribou,Mammal
./video/animalkingdom/IXZQUXGD.mp4,Running,Horse,Mammal
./video/animalkingdom/OKPCSFGA.mp4,Walking,Wolf,Mammal
./video/animalkingdom/POKCKFFP.mp4,Running,Otter,Mammal
./video/animalkingdom/SJIPVBQT.mp4,Exploring,Lesser Mousedeer,Mammal
./video/animalkingdom/IIPXFNPO.mp4,Attending,Lion,Mammal
./video/animalkingdom/BKZWMUDX.mp4,Walking,Elephant,Mammal
./video/animalkingdom/ZLZGGXGD.mp4,Attending,Horse,Mammal
./video/animalkingdom/QITKRXGD.mp4,Running,Horse,Mammal
./video/animalkingdom/YJQYTRAC.mp4,Attending,Agouti,Mammal
./video/animalkingdom/NUYVYXGD.mp4,Attending,Kangaroo,Mammal
./video/animalkingdom/GRUCDFGA.mp4,Running,Wolf,Mammal
./video/animalkingdom/MGBSOFGA.mp4,Exploring,Wolf,Mammal
./video/animalkingdom/CNNJIBQT.mp4,Jumping,Raffles Banded Langur,Mammal
./video/animalkingdom/TUDZXBQT.mp4,Sensing,Raffles Banded Langur,Mammal
./video/animalkingdom/ZDJZICNX.mp4,Walking,Wolf,Mammal
./video/animalkingdom/VAXEMBQT.mp4,Eating,Plantain Squirrel,Mammal
./video/animalkingdom/BAEOZNPO.mp4,Walking,Lion,Mammal
./video/animalkingdom/JEVMUXDO.mp4,Running,Zebra,Mammal
./video/animalkingdom/COPCOXGD.mp4,Walking,Horse,Mammal
./video/animalkingdom/RDQNPVYU.mp4,Keeping still,Leopard,Mammal
./video/animalkingdom/QLPKUWZF.mp4,Jumping,Bighorn Sheep,Mammal
./video/animalkingdom/TXYRIVMS.mp4,Eating,Greater Mouse Deer,Mammal
./video/animalkingdom/MYVCSIQR.mp4,Sensing,Mongoose,Mammal
./video/animalkingdom/MTMPUHGA.mp4,Attending,Meerkat,Mammal
./video/animalkingdom/FSRAFNPL.mp4,Keeping still,Squirrel,Mammal
./video/animalkingdom/KIZGQEBY.mp4,Keeping still,Fox,Mammal
./video/animalkingdom/HPHCNTHG.mp4,Walking,Red River Hog,Mammal
./video/animalkingdom/LWCFLRSU.mp4,Keeping still,Wolf,Mammal
./video/animalkingdom/IGSCIKEW.mp4,Keeping still,Pika,Mammal
./video/animalkingdom/NYXAOAMC.mp4,Walking,Lion Young,Mammal
./video/animalkingdom/NYUDTUDX.mp4,Sensing,Cheetah,Mammal
./video/animalkingdom/LERDTEUL.mp4,Attending,Leopard,Mammal
./video/animalkingdom/ULXRQFFP.mp4,Eating,Maroon Macaque,Mammal
./video/animalkingdom/WZUIAXGD.mp4,Attending,Dog,Mammal
./video/animalkingdom/LISFKDSN.mp4,Walking,Cheetah,Mammal
./video/animalkingdom/DWTKCFFP.mp4,Eating,Maroon Macaque,Mammal
./video/animalkingdom/BGDXIHGA.mp4,Attending,Coati,Mammal
./video/animalkingdom/SYJKEBQT.mp4,Attending,Raffles Banded Langur,Mammal
./video/animalkingdom/IWYCRUDX.mp4,Walking,Elephant,Mammal
./video/animalkingdom/EGVFHCNX.mp4,Exploring,Wolf,Mammal
./video/animalkingdom/KALJKICI.mp4,Keeping still,Cheetah,Mammal
./video/animalkingdom/ONGMGXGD.mp4,Eating,Horse,Mammal
./video/animalkingdom/HTKABXGD.mp4,Eating,Kangaroo,Mammal
./video/animalkingdom/LOGTJRAC.mp4,Walking,Capuchin Monkey,Mammal
./video/animalkingdom/HAZRRBQT.mp4,Jumping,Raffles Banded Langur,Mammal
./video/animalkingdom/PAQDBFKM.mp4,Attending,Meerkat,Mammal
./video/animalkingdom/FJLSEEBY.mp4,Attending,Fox,Mammal
./video/animalkingdom/PHYBNVYU.mp4,Walking,Leopard,Mammal
./video/animalkingdom/CWUSGFGA.mp4,Jumping,Wolf,Mammal
./video/animalkingdom/TGCWAGCS.mp4,Sensing,Leopard,Mammal
./video/animalkingdom/SFIQTXGD.mp4,Jumping,Kangaroo,Mammal
./video/animalkingdom/HRPDDXGD.mp4,Running,Horse,Mammal
./video/animalkingdom/UEUQLDSN.mp4,Walking,Cheetah,Mammal
./video/animalkingdom/WKIUCXGD.mp4,Running,Horse,Mammal
./video/animalkingdom/YFFMSFGA.mp4,Running,Caribou,Mammal
./video/animalkingdom/SSOVRFFP.mp4,Keeping still,Maroon Macaque,Mammal
./video/animalkingdom/CCQNQKEW.mp4,Jumping,Stoat,Mammal
./video/animalkingdom/BFLIAVMS.mp4,Eating,Greater Mouse Deer,Mammal
./video/animalkingdom/PWBDJXGD.mp4,Sensing,Kangaroo,Mammal
./video/animalkingdom/NCQRYBQT.mp4,Climbing,Raffles Banded Langur,Mammal
./video/animalkingdom/CZXZAXGD.mp4,Walking,Mountain Pygmy Possum,Mammal
./video/animalkingdom/ZADFCEZZ.mp4,Walking,Leopard,Mammal
./video/animalkingdom/EBOJNFGA.mp4,Running,Wild Dog,Mammal
./video/animalkingdom/FPBUQEZZ.mp4,Keeping still,Nilgai,Mammal
./video/animalkingdom/QDADRDSN.mp4,Walking,Snow Leopard,Mammal
./video/animalkingdom/VKBYQTCN.mp4,Eating,Horse Young,Mammal
./video/animalkingdom/FICOVGCS.mp4,Running,Elephant,Mammal
./video/animalkingdom/BVYMFKEW.mp4,Running,Pika,Mammal
./video/animalkingdom/MKIRCRAC.mp4,Walking,White Nosed Coati,Mammal
./video/animalkingdom/RZOXUEUV.mp4,Keeping still,Giraffe,Mammal
./video/animalkingdom/HOBGXXGD.mp4,Walking,Horse,Mammal
./video/animalkingdom/CEMIIXGD.mp4,Walking,Horse,Mammal
./video/animalkingdom/ZOEKYFYY.mp4,Attending,Otter,Mammal
./video/animalkingdom/FRXMMBQT.mp4,Exploring,Greater Mouse Deer,Mammal
./video/animalkingdom/OETLERAC.mp4,Keeping still,Agouti,Mammal
./video/animalkingdom/NIFOXHGA.mp4,Keeping still,Meerkat,Mammal
./video/animalkingdom/UUJLRUPH.mp4,Sensing,Squirrel,Mammal
./video/animalkingdom/NKHRBDSN.mp4,Jumping,Jaculus Jaculus,Mammal
./video/animalkingdom/HZWJVEZZ.mp4,Walking,Bengal Tiger,Mammal
./video/animalkingdom/WRANOTEK.mp4,Attending,Meerkat,Mammal
./video/animalkingdom/QCXQVFGA.mp4,Walking,Caribou,Mammal
./video/animalkingdom/ZXAKMMYV.mp4,Attending,Gorilla,Mammal
./video/animalkingdom/SMKAJXGD.mp4,Walking,Horse,Mammal
./video/animalkingdom/NSSAABQT.mp4,Eating,Otter,Mammal
./video/animalkingdom/CTRMJPIF.mp4,Walking,Polar Bear,Mammal
./video/animalkingdom/RCWNYRAC.mp4,Walking,Coyote,Mammal
./video/animalkingdom/OOBVGDSN.mp4,Walking,Desert Fox,Mammal
./video/animalkingdom/XSOAWXGD.mp4,Running,Horse,Mammal
./video/animalkingdom/DTFWDRAC.mp4,Walking,Ocelot,Mammal
./video/animalkingdom/UVYRNEBY.mp4,Walking,Fox,Mammal
./video/animalkingdom/QFEZTLQI.mp4,Attending,Barking Deer,Mammal
./video/animalkingdom/MLSTGQCN.mp4,Walking,Ibex,Mammal
./video/animalkingdom/BSVBMVMS.mp4,Eating,Boar,Mammal
./video/animalkingdom/PTJWOMHZ.mp4,Eating,Horse Young,Mammal
./video/animalkingdom/EGJVKDSN.mp4,Exploring,Desert Fox,Mammal
./video/animalkingdom/IMJGORAC.mp4,Running,White Nosed Coati,Mammal
./video/animalkingdom/SSWBYNPO.mp4,Walking,Lion,Mammal
./video/animalkingdom/RVHTPZON.mp4,Walking,Elephant,Mammal
./video/animalkingdom/FAACYUDX.mp4,Walking,African Oryx,Mammal
./video/animalkingdom/NEHROXGD.mp4,Eating,Horse,Mammal
./video/animalkingdom/YDMHPUDX.mp4,Keeping still,Zebra,Mammal
./video/animalkingdom/CNUZUHGA.mp4,Walking,Cheetah,Mammal
./video/animalkingdom/VXTCCQCN.mp4,Walking,Ibex,Mammal
./video/animalkingdom/FFYKNAMC.mp4,Walking,Lion Young,Mammal
./video/animalkingdom/KFFUKUDX.mp4,Walking,African Oryx,Mammal
./video/animalkingdom/UMPBYBQT.mp4,Eating,Greater Mouse Deer,Mammal
./video/animalkingdom/AZKGTXGD.mp4,Eating,Kangaroo,Mammal
./video/animalkingdom/VFIJYUDX.mp4,Walking,Elephant,Mammal
./video/animalkingdom/WTMDTBQT.mp4,Climbing,Raffles Banded Langur,Mammal
./video/animalkingdom/PBSFMXGD.mp4,Running,Horse,Mammal
./video/animalkingdom/AFIQFBQT.mp4,Keeping still,Bat,Mammal
./video/animalkingdom/QEPJNBQT.mp4,Climbing,Raffles Banded Langur,Mammal
./video/animalkingdom/GNMCNCNX.mp4,Eating,Wolf,Mammal
./video/animalkingdom/LFDJTXGD.mp4,Exploring,Horse,Mammal
./video/animalkingdom/HQPWKNPO.mp4,Walking,Lion,Mammal
./video/animalkingdom/YIWNGXGD.mp4,Running,Horse,Mammal
./video/animalkingdom/JZBQJTEK.mp4,Keeping still,Colugo,Mammal
./video/animalkingdom/LZFGSUDX.mp4,Walking,Cheetah,Mammal
./video/animalkingdom/NWCLHRAC.mp4,Sensing,Jaguarundi Cat,Mammal
./video/animalkingdom/KSVKZBQT.mp4,Climbing,Plantain Squirrel,Mammal
./video/animalkingdom/MTVJCEBY.mp4,Sensing,Fox,Mammal
./video/animalkingdom/PAOHHBQT.mp4,Keeping still,Colugo,Mammal
./video/animalkingdom/FDVPSRAC.mp4,Jumping,White Nosed Coati,Mammal
./video/animalkingdom/EWGAWZQJ.mp4,Running,Otter,Mammal
./video/animalkingdom/DVKDIRAC.mp4,Walking,Capuchin Monkey,Mammal
./video/animalkingdom/HKTGJNPO.mp4,Walking,Lion,Mammal
./video/animalkingdom/KXARRBQT.mp4,Sensing,Raffles Banded Langur,Mammal
./video/animalkingdom/RRKSZBQT.mp4,Eating,Otter,Mammal
./video/animalkingdom/QOYYQXGD.mp4,Sensing,Horse,Mammal
./video/animalkingdom/RCEDZRAC.mp4,Walking,Jaguarundi Cat,Mammal
./video/animalkingdom/XROLUCEI.mp4,Running,Chimpanzee,Mammal
./video/animalkingdom/VZNCZTHG.mp4,Eating,Olive Colobus,Mammal
./video/animalkingdom/VWRISDSN.mp4,Walking,Snow Leopard,Mammal
./video/animalkingdom/YRWRWNPL.mp4,Jumping,Squirrel,Mammal
./video/animalkingdom/YLITPBQT.mp4,Eating,Plantain Squirrel,Mammal
./video/animalkingdom/RQBCLBQT.mp4,Climbing,Long Tailed Macaque,Mammal
./video/animalkingdom/TWLBLCNX.mp4,Walking,Wolf,Mammal
./video/animalkingdom/LBXJFTEK.mp4,Attending,White Tiger,Mammal
./video/animalkingdom/GWRPTXDO.mp4,Sensing,Wild Dog,Mammal
./video/animalkingdom/GUBXCXGD.mp4,Attending,Horse,Mammal
./video/animalkingdom/OGWWRBQT.mp4,Eating,Raffles Banded Langur,Mammal
./video/animalkingdom/RPVMBNPO.mp4,Keeping still,Hyena,Mammal
./video/animalkingdom/HGFEZRAC.mp4,Walking,Jaguarundi Cat,Mammal
./video/animalkingdom/DXFPBXGD.mp4,Attending,Horse,Mammal
./video/animalkingdom/PJGXYXGD.mp4,Walking,Horse,Mammal
./video/animalkingdom/EKJNSBQT.mp4,Eating,Boar,Mammal
./video/animalkingdom/POERUXGD.mp4,Eating,Horse,Mammal
./video/animalkingdom/XNJIRDSN.mp4,Walking,Markhor Goat,Mammal
./video/animalkingdom/TNQPRNPL.mp4,Sensing,Squirrel,Mammal
./video/animalkingdom/IWQOCNSU.mp4,Sensing,Hyena,Mammal
./video/animalkingdom/BHYFNSMJ.mp4,Walking,Marshbuck,Mammal
./video/animalkingdom/FTGNWAMC.mp4,Walking,Lion Young,Mammal
./video/animalkingdom/QJLKWUDX.mp4,Walking,African Oryx,Mammal
./video/animalkingdom/PMJPUGCS.mp4,Walking,Giraffe,Mammal
./video/animalkingdom/NBWFFMYV.mp4,Attending,Mountain Gorilla,Mammal
./video/animalkingdom/DDKMIEZZ.mp4,Walking,Sambar Deer,Mammal
./video/animalkingdom/YKCGNBQT.mp4,Jumping,Raffles Banded Langur,Mammal
./video/animalkingdom/NIDBVUDX.mp4,Attending,Lion,Mammal
./video/animalkingdom/YJZATXGD.mp4,Walking,Echina,Mammal
./video/animalkingdom/AXQNBRAC.mp4,Walking,Tamandua,Mammal
./video/animalkingdom/FMBISUDX.mp4,Walking,Leopard,Mammal
./video/animalkingdom/WLZCHQCN.mp4,Sensing,Ibex,Mammal
./video/animalkingdom/NHQVJXGD.mp4,Running,Horse,Mammal
./video/animalkingdom/JVJFOQCN.mp4,Sensing,Ibex,Mammal
./video/animalkingdom/UAAMXDPR.mp4,Walking,Cougar,Mammal
./video/animalkingdom/KDQETBME.mp4,Eating,Horse,Mammal
./video/animalkingdom/JHMHVUDX.mp4,Keeping still,Gazelle,Mammal
./video/animalkingdom/QNXTFQCN.mp4,Climbing,Ibex,Mammal
./video/animalkingdom/LVKUHAMC.mp4,Sensing,Lion Young,Mammal
./video/animalkingdom/LFCVATHG.mp4,Sensing,Sooty Mangabey,Mammal
./video/animalkingdom/KRMPMTCN.mp4,Walking,Horse Young,Mammal
./video/animalkingdom/BDPCQXGD.mp4,Eating,Horse,Mammal
./video/animalkingdom/JLNEOBQT.mp4,Eating,Plantain Squirrel,Mammal
./video/animalkingdom/YBSATFGA.mp4,Running,Wolf,Mammal
./video/animalkingdom/HNCJCKEW.mp4,Keeping still,Pika,Mammal
./video/animalkingdom/SHMFEGCS.mp4,Running,Elephant,Mammal
./video/animalkingdom/KPKEXXGD.mp4,Running,Horse,Mammal
./video/animalkingdom/URFJQDPR.mp4,Walking,Ocelot,Mammal
./video/animalkingdom/XFRBAGCS.mp4,Walking,Giraffe,Mammal
./video/animalkingdom/QUBATNPL.mp4,Attending,Squirrel,Mammal
./video/animalkingdom/DRQFYFGA.mp4,Sensing,Orangutan,Mammal
./video/animalkingdom/BERFBXGD.mp4,Running,Horse,Mammal
./video/animalkingdom/UIOYRNPL.mp4,Exploring,Grey Langur,Mammal
./video/animalkingdom/XQTLYMYV.mp4,Sensing,Gorilla,Mammal
./video/animalkingdom/QAAVHTEK.mp4,Sensing,Gibbon,Mammal
./video/animalkingdom/JEKMKICI.mp4,Keeping still,Cheetah,Mammal
./video/animalkingdom/AQXRTRAC.mp4,Walking,White Nosed Coati,Mammal
./video/animalkingdom/IBBJLBQT.mp4,Keeping still,Raffles Banded Langur,Mammal
./video/animalkingdom/BAAOFDFC.mp4,Walking,Cow,Mammal
./video/animalkingdom/LHCTQCNX.mp4,Sensing,Wolf,Mammal
./video/animalkingdom/RGGIBDSN.mp4,Climbing,Snow Leopard,Mammal
./video/animalkingdom/JARPYUDX.mp4,Walking,Cheetah,Mammal
./video/animalkingdom/VULEBNPL.mp4,Walking,Grey Langur,Mammal
./video/animalkingdom/EKHVBTEK.mp4,Attending,Gibbon,Mammal
./video/animalkingdom/MLUJSCNX.mp4,Walking,Wolf,Mammal
./video/animalkingdom/KDTGIAMC.mp4,Sensing,Lion,Mammal
./video/animalkingdom/YSVFJCNX.mp4,Walking,Wolf,Mammal
./video/animalkingdom/HANCMEBY.mp4,Keeping still,Fox,Mammal
./video/animalkingdom/HLGTQNJC.mp4,Jumping,Deer,Mammal
./video/animalkingdom/NJBBBVMP.mp4,Eating,Wolf,Mammal
./video/animalkingdom/QYAQOIMN.mp4,Running,Yellow-Throated Martens,Mammal
./video/animalkingdom/QZOPUUDX.mp4,Walking,Cheetah,Mammal
./video/animalkingdom/CUACAXGD.mp4,Running,Horse,Mammal
./video/animalkingdom/QKQWHPIF.mp4,Walking,Polar Bear,Mammal
./video/animalkingdom/CTHPVFGA.mp4,Running,Wildebeest,Mammal
./video/animalkingdom/COPQBBQT.mp4,Eating,Otter,Mammal
./video/animalkingdom/JERMTICI.mp4,Keeping still,Cheetah,Mammal
./video/animalkingdom/IBPTKFKM.mp4,Attending,Meerkat,Mammal
./video/animalkingdom/IZFBNBQT.mp4,Attending,Colugo,Mammal
./video/animalkingdom/SFSRCXGD.mp4,Running,Dog,Mammal
./video/animalkingdom/NQFDEFGA.mp4,Running,Wolf,Mammal
./video/animalkingdom/DPNQDRAC.mp4,Walking,Ocelot,Mammal
./video/animalkingdom/VVESKXGD.mp4,Keeping still,Kangaroo,Mammal
./video/animalkingdom/HBVVGXGD.mp4,Eating,Horse,Mammal
./video/animalkingdom/JLQYOXGD.mp4,Attending,Dog,Mammal
./video/animalkingdom/VZGTCUDX.mp4,Attending,Leopard,Mammal
./video/animalkingdom/VHSFPCNX.mp4,Walking,Wolf,Mammal
./video/animalkingdom/BQJEYNPL.mp4,Exploring,Squirrel,Mammal
./video/animalkingdom/GCCNECEI.mp4,Walking,Chimpanzee,Mammal
./video/animalkingdom/LPPAIFJG.mp4,Eating,Feas Muntjac,Mammal
./video/animalkingdom/DCXHQDSN.mp4,Running,Cheetah,Mammal
./video/animalkingdom/EQDQKHGA.mp4,Walking,Lion,Mammal
./video/animalkingdom/EVUWKEBY.mp4,Walking,Fox,Mammal
./video/animalkingdom/OQZEBNPL.mp4,Keeping still,Squirrel,Mammal
./video/animalkingdom/RGPBZRAC.mp4,Running,Jaguarundi Cat,Mammal
./video/animalkingdom/AHPRXAMC.mp4,Walking,Lion,Mammal
./video/animalkingdom/ECFYDDSN.mp4,Climbing,Snow Leopard,Mammal
./video/animalkingdom/AXMSEBQT.mp4,Eating,Plantain Squirrel,Mammal
./video/animalkingdom/FIFMGDSN.mp4,Walking,Cheetah,Mammal
./video/animalkingdom/YSWYIBME.mp4,Eating,Horse,Mammal
./video/animalkingdom/ICCBOFGA.mp4,Walking,Wild Dog,Mammal
./video/animalkingdom/UTQKOTHG.mp4,Walking,African Golden Cat,Mammal
./video/animalkingdom/UOHILFGA.mp4,Running,Wolf,Mammal
./video/animalkingdom/KXVLSIMN.mp4,Walking,Sumatran Tiger,Mammal
./video/animalkingdom/SATLKKBT.mp4,Eating,Smooth-Coated Otter,Mammal
./video/animalkingdom/IBPHICNX.mp4,Exploring,Wolf,Mammal
./video/animalkingdom/JCISVZON.mp4,Attending,Elephant,Mammal
./video/animalkingdom/MCRXGBQT.mp4,Sensing,Otter,Mammal
./video/animalkingdom/AMQPBBQT.mp4,Climbing,Raffles Banded Langur,Mammal
./video/animalkingdom/EHNCNBQT.mp4,Attending,Raffles Banded Langur,Mammal
./video/animalkingdom/TECSOXGD.mp4,Running,Horse,Mammal
./video/animalkingdom/BCRMLRAC.mp4,Walking,Jaguarundi Cat,Mammal
./video/animalkingdom/KGCKHVYU.mp4,Keeping still,Leopard,Mammal
./video/animalkingdom/UVJBWCNX.mp4,Walking,Wolf,Mammal
./video/animalkingdom/GIVJGXGD.mp4,Attending,Fox,Mammal
./video/animalkingdom/SWKEJXDO.mp4,Keeping still,Buffalo,Mammal
./video/animalkingdom/BFRBZXGD.mp4,Running,Horse,Mammal
./video/animalkingdom/ZHFKQTEK.mp4,Climbing,Sumatran Orangutan,Mammal
./video/animalkingdom/KEMLQDSN.mp4,Running,Wolf,Mammal
./video/animalkingdom/GTPSJOXJ.mp4,Jumping,Beaver,Mammal
./video/animalkingdom/OOVVNDSN.mp4,Running,Snow Leopard,Mammal
./video/animalkingdom/KCUXTXGD.mp4,Eating,Horse,Mammal
./video/animalkingdom/QXMGAHGA.mp4,Attending,Meerkat,Mammal
./video/animalkingdom/PBXOORSU.mp4,Sensing,Wolf,Mammal
./video/animalkingdom/TRWGVGCS.mp4,Running,Elephant,Mammal
./video/animalkingdom/QTBXSNBD.mp4,Exploring,Gaur,Mammal
./video/animalkingdom/OTDSQQCN.mp4,Climbing,Ibex,Mammal
./video/animalkingdom/OJLZXXGD.mp4,Running,Horse,Mammal
./video/animalkingdom/QDLEGNPL.mp4,Walking,Chimpanzee,Mammal
./video/animalkingdom/RDMDLXGD.mp4,Eating,Kangaroo Young,Mammal
./video/animalkingdom/YMBPTRAC.mp4,Keeping still,Agouti,Mammal
./video/animalkingdom/DBMIBFFP.mp4,Sensing,Squirrel,Mammal
./video/animalkingdom/JQNJBEBY.mp4,Exploring,Fox,Mammal
./video/animalkingdom/QBZIERAC.mp4,Exploring,White Nosed Coati,Mammal
./video/animalkingdom/IEMAJDPR.mp4,Walking,Cougar,Mammal
./video/animalkingdom/YOBNOFYY.mp4,Climbing,Otter,Mammal
./video/animalkingdom/RTEMEBQT.mp4,Sensing,Raffles Banded Langur,Mammal
./video/animalkingdom/RDKFYEBY.mp4,Jumping,Fox,Mammal
./video/animalkingdom/QNFPPBME.mp4,Running,Horse,Mammal
./video/animalkingdom/NZEATEZZ.mp4,Attending,Spotted Deer,Mammal
./video/animalkingdom/MTUXTKEW.mp4,Running,Pika,Mammal
./video/animalkingdom/LNCUKBQT.mp4,Walking,Pangolin,Mammal
./video/animalkingdom/PTASHBQT.mp4,Eating,Otter,Mammal
./video/animalkingdom/WEEYSAMC.mp4,Walking,Lion Young,Mammal
./video/animalkingdom/QRQOZFFP.mp4,Walking,Maroon Macaque,Mammal
./video/animalkingdom/XWKCRXDO.mp4,Walking,Lion,Mammal
./video/animalkingdom/VFYLFIMN.mp4,Walking,Asiatic Golden Cat,Mammal
./video/animalkingdom/OVMDWBQT.mp4,Eating,Lesser Mousedeer,Mammal
./video/animalkingdom/PRGKPCNX.mp4,Walking,Wolf,Mammal
./video/animalkingdom/IKTCNBQT.mp4,Jumping,Raffles Banded Langur,Mammal
./video/animalkingdom/URVFZCEI.mp4,Eating,Chimpanzee,Mammal
./video/animalkingdom/KZYGEXGD.mp4,Jumping,Kangaroo,Mammal
./video/animalkingdom/TOYKCRAC.mp4,Walking,Capuchin Monkey,Mammal
./video/animalkingdom/SEOXWUDX.mp4,Walking,Cheetah,Mammal
./video/animalkingdom/WDORHQCN.mp4,Climbing,Ibex,Mammal
./video/animalkingdom/TYLDUUDX.mp4,Walking,Leopard,Mammal
./video/animalkingdom/CYPGOBME.mp4,Eating,Horse,Mammal
./video/animalkingdom/WOCUYBQT.mp4,Keeping still,Raffles Banded Langur,Mammal
./video/animalkingdom/FYVUCVYU.mp4,Walking,Leopard,Mammal
./video/animalkingdom/GCSFBNPL.mp4,Sensing,Squirrel,Mammal
./video/animalkingdom/WBRIIXGD.mp4,Running,Horse,Mammal
./video/animalkingdom/BKZSLUDX.mp4,Walking,African Oryx,Mammal
./video/animalkingdom/TUWTZNSU.mp4,Walking,Hyena,Mammal
./video/animalkingdom/XTRXIDSN.mp4,Running,Desert Fox,Mammal
./video/animalkingdom/KYDOXNPO.mp4,Exploring,Lion,Mammal
./video/animalkingdom/COFRYBQT.mp4,Attending,Lesser Mousedeer,Mammal
./video/animalkingdom/PIHIPXGD.mp4,Jumping,Kangaroo,Mammal
./video/animalkingdom/VIBLSVMP.mp4,Keeping still,Deer,Mammal
./video/animalkingdom/SBYESEZZ.mp4,Walking,Nilgai,Mammal
./video/animalkingdom/FJXOQXGD.mp4,Eating,Mouse,Mammal
./video/animalkingdom/RISCUQCN.mp4,Climbing,Ibex,Mammal
./video/animalkingdom/ARXXWUDX.mp4,Walking,Elephant,Mammal
./video/animalkingdom/BXBXBUDX.mp4,Walking,Cheetah,Mammal
./video/animalkingdom/MEXEESMJ.mp4,Walking,Marshbuck,Mammal
./video/animalkingdom/EGJBKAMC.mp4,Sensing,Lion,Mammal
./video/animalkingdom/NMUQPWBC.mp4,Running,Mongoose,Mammal
./video/animalkingdom/FZVCBBQT.mp4,Jumping,Raffles Banded Langur,Mammal
./video/animalkingdom/HNHAVXGD.mp4,Running,Horse,Mammal
./video/animalkingdom/VSGNZXGD.mp4,Walking,Horse,Mammal
./video/animalkingdom/CGBRGVYU.mp4,Sensing,Leopard,Mammal
./video/animalkingdom/WUAQFEZZ.mp4,Walking,Bengal Tiger,Mammal
./video/animalkingdom/VNBTKNPL.mp4,Sensing,Squirrel,Mammal
./video/animalkingdom/OEPLXTEK.mp4,Walking,Asian Lion,Mammal
./video/animalkingdom/LXWUWEBY.mp4,Jumping,Fox,Mammal
./video/animalkingdom/KXTAYXGD.mp4,Running,Horse,Mammal
./video/animalkingdom/ICYKYXGD.mp4,Running,Horse,Mammal
./video/animalkingdom/FGNVWRAC.mp4,Running,Agouti,Mammal
./video/animalkingdom/WYJZHGCS.mp4,Walking,Giraffe,Mammal
./video/animalkingdom/URHBCBQT.mp4,Keeping still,Raffles Banded Langur,Mammal
./video/animalkingdom/TYBNJSMJ.mp4,Walking,Marshbuck,Mammal
./video/animalkingdom/BUXMRCEI.mp4,Running,Chimpanzee,Mammal
./video/animalkingdom/TMTRUXGD.mp4,Eating,Horse,Mammal
./video/animalkingdom/AKQVZTHG.mp4,Exploring,Zebra-Duiker,Mammal
./video/animalkingdom/PZNOHXGD.mp4,Running,Horse,Mammal
./video/animalkingdom/XVKTPCNX.mp4,Exploring,Wolf,Mammal
./video/animalkingdom/IJDTWXGD.mp4,Running,Horse,Mammal
./video/animalkingdom/LDTFJXGD.mp4,Walking,Dingo Dog,Mammal
./video/animalkingdom/WMASQTCN.mp4,Walking,Horse Young,Mammal
./video/animalkingdom/KHRQBHGA.mp4,Walking,Giraffe,Mammal
./video/animalkingdom/NOATVBQT.mp4,Sensing,Raffles Banded Langur,Mammal
./video/animalkingdom/CABQECNX.mp4,Walking,Wolf,Mammal
./video/animalkingdom/PPFMWTEK.mp4,Keeping still,Colugo,Mammal
./video/animalkingdom/OBWOZTEK.mp4,Eating,Elephant,Mammal
./video/animalkingdom/IUUGEXGD.mp4,Eating,Rabbit,Mammal
./video/animalkingdom/CBSKBFYY.mp4,Eating,Squirrel,Mammal
./video/animalkingdom/MKGLZVYU.mp4,Walking,Leopard,Mammal
./video/animalkingdom/LEFQMUDX.mp4,Walking,Elephant,Mammal
./video/animalkingdom/GKZXNIMN.mp4,Walking,Dholes,Mammal
./video/animalkingdom/HXPIEAMC.mp4,Sensing,Lion Young,Mammal
./video/animalkingdom/CLVFXBQT.mp4,Eating,Raffles Banded Langur,Mammal
./video/animalkingdom/QARHHEBY.mp4,Jumping,Fox,Mammal
./video/animalkingdom/RYZABEBY.mp4,Eating,Fox,Mammal
./video/animalkingdom/RCVBKUDX.mp4,Exploring,Elephant,Mammal
./video/animalkingdom/TOHQUFJG.mp4,Attending,Sambar Deer,Mammal
./video/animalkingdom/MQLOJRAC.mp4,Sensing,Capuchin Monkey,Mammal
./video/animalkingdom/JFLJCRAC.mp4,Walking,Ocelot,Mammal
./video/animalkingdom/SDFKMEBY.mp4,Eating,Fox,Mammal
./video/animalkingdom/AAUQSVYU.mp4,Walking,Leopard,Mammal
./video/animalkingdom/GFXUUUDX.mp4,Walking,Elephant,Mammal
./video/animalkingdom/YKEBWZON.mp4,Eating,Elephant,Mammal
./video/animalkingdom/PDKECQRY.mp4,Sensing,Ring-Tailed Lemur,Mammal
./video/animalkingdom/JZFTRBQT.mp4,Keeping still,Raffles Banded Langur,Mammal
./video/animalkingdom/BXFHQQCN.mp4,Climbing,Ibex,Mammal
./video/animalkingdom/YXJGIUDX.mp4,Walking,Elephant,Mammal
./video/animalkingdom/MVKFRBQT.mp4,Sensing,Raffles Banded Langur,Mammal
./video/animalkingdom/JNTVCXGD.mp4,Running,Horse,Mammal
./video/animalkingdom/QALVSNXN.mp4,Keeping still,Sea Otter,Mammal
./video/animalkingdom/QCAEVPIF.mp4,Attending,Grizzly Bear,Mammal
./video/animalkingdom/KWMWGKEW.mp4,Walking,Goat,Mammal
./video/animalkingdom/HGLXJCNX.mp4,Exploring,Wolf,Mammal
./video/animalkingdom/QXXMJKEW.mp4,Sensing,Giraffe,Mammal
./video/animalkingdom/GZDAWFKM.mp4,Keeping still,Meerkat,Mammal
./video/animalkingdom/WGCGUBQT.mp4,Keeping still,Raffles Banded Langur,Mammal
./video/animalkingdom/VOGOEXGD.mp4,Eating,Horse,Mammal
./video/animalkingdom/GVTUAAMC.mp4,Climbing,Lion Young,Mammal
./video/animalkingdom/UNZDCVYU.mp4,Walking,Leopard,Mammal
./video/animalkingdom/TDTRXTEK.mp4,Walking,Sunbear,Mammal
./video/animalkingdom/EVQRFFGA.mp4,Walking,Wild Dog,Mammal
./video/animalkingdom/MIOBJQYT.mp4,Exploring,Hedgehog,Mammal
./video/animalkingdom/QESPGDPR.mp4,Walking,Cougar,Mammal
./video/animalkingdom/DHRESNBD.mp4,Walking,Malayan Sun Bear,Mammal
./video/animalkingdom/NRRIIRLL.mp4,Walking,Southern Grasshopper Mouse,Mammal
./video/animalkingdom/ZPWXTBQT.mp4,Attending,Greater Mouse Deer,Mammal
./video/animalkingdom/LKAOYNSU.mp4,Sensing,Hyena,Mammal
./video/animalkingdom/CKNJJBQT.mp4,Eating,Plantain Squirrel,Mammal
./video/animalkingdom/XMMRKDSN.mp4,Running,Snow Leopard,Mammal
./video/animalkingdom/CJJNTNPL.mp4,Eating,Squirrel,Mammal
./video/animalkingdom/DUVPOXGD.mp4,Walking,Horse,Mammal
./video/animalkingdom/BXDRVEBY.mp4,Sensing,Fox,Mammal
./video/animalkingdom/UBOYQDSN.mp4,Jumping,Jaculus Jaculus,Mammal
./video/animalkingdom/WFESGFGA.mp4,Running,Caribou,Mammal
./video/animalkingdom/SRWTMNPL.mp4,Keeping still,Chimpanzee,Mammal
./video/animalkingdom/EAMYQBME.mp4,Eating,Horse,Mammal
./video/animalkingdom/JDOJLKEW.mp4,Eating,Giraffe,Mammal
./video/animalkingdom/GUVIGBME.mp4,Walking,Horse,Mammal
./video/animalkingdom/OOMTVRAC.mp4,Walking,Ocelot,Mammal
./video/animalkingdom/RRSUOXGD.mp4,Eating,Kangaroo,Mammal
./video/animalkingdom/AEQVOUDX.mp4,Walking,Elephant,Mammal
./video/animalkingdom/VERIMAMC.mp4,Sensing,Lion,Mammal
./video/animalkingdom/QMXOUTEK.mp4,Attending,Red-Ruffed Lemur,Mammal
./video/animalkingdom/BERIIXGD.mp4,Running,Horse,Mammal
./video/animalkingdom/KXZQYUDX.mp4,Walking,Cheetah,Mammal
./video/animalkingdom/SXIRHFJG.mp4,Walking,Gaur,Mammal
./video/animalkingdom/HALGEFKM.mp4,Sensing,Meerkat,Mammal
./video/animalkingdom/SQCETTHG.mp4,Exploring,African Civet,Mammal
./video/animalkingdom/SSDRFEZZ.mp4,Walking,Civet Cat,Mammal
./video/animalkingdom/WMHLJTHG.mp4,Sensing,Campbells Monkey,Mammal
./video/animalkingdom/RYYHWDSN.mp4,Walking,Markhor Goat,Mammal
./video/animalkingdom/HNJDOTHG.mp4,Walking,Red River Hog,Mammal
./video/animalkingdom/MYVSDBQT.mp4,Keeping still,Plantain Squirrel,Mammal
./video/animalkingdom/GHMUWXGD.mp4,Jumping,Kangaroo,Mammal
./video/animalkingdom/RZCMTNPL.mp4,Walking,Squirrel,Mammal
./video/animalkingdom/MDVTJSMJ.mp4,Walking,Elephant,Mammal
./video/animalkingdom/VORGYMYV.mp4,Sensing,Gorilla,Mammal
./video/animalkingdom/HNOQRDSN.mp4,Jumping,Jaculus Jaculus,Mammal
./video/animalkingdom/IPUPXXDO.mp4,Eating,Hyena,Mammal
./video/animalkingdom/KXQMWNPL.mp4,Jumping,Squirrel,Mammal
./video/animalkingdom/XCLFRBQT.mp4,Attending,Raffles Banded Langur,Mammal
./video/animalkingdom/SCOZRXGD.mp4,Walking,Horse,Mammal
./video/animalkingdom/QFTPBKEW.mp4,Walking,Goat,Mammal
./video/animalkingdom/HGHBGCNX.mp4,Exploring,Wolf,Mammal
./video/animalkingdom/NZZLYXGD.mp4,Sensing,Mountain Pygmy Possum,Mammal
./video/animalkingdom/ZILULNPL.mp4,Exploring,Chimpanzee,Mammal
./video/animalkingdom/IBXIUKEW.mp4,Running,Pika,Mammal
./video/animalkingdom/AKERJNSU.mp4,Sensing,Hyena,Mammal
./video/animalkingdom/UTPOPBME.mp4,Eating,Horse,Mammal
./video/animalkingdom/UVDADNPL.mp4,Jumping,Squirrel,Mammal
./video/animalkingdom/AZJDCNBD.mp4,Keeping still,Sambar Deer,Mammal
./video/animalkingdom/NJXKURAC.mp4,Walking,Jaguarundi Cat,Mammal
./video/animalkingdom/ITFOVXGD.mp4,Attending,Kangaroo,Mammal
./video/animalkingdom/HVEJFXGD.mp4,Attending,Horse,Mammal
./video/animalkingdom/GDHUDBQT.mp4,Walking,Raffles Banded Langur,Mammal
./video/animalkingdom/QPOBECEI.mp4,Running,Chimpanzee,Mammal
./video/animalkingdom/PCQUDFGA.mp4,Walking,Caribou,Mammal
./video/animalkingdom/EWZNSXGD.mp4,Walking,Wombat,Mammal
./video/animalkingdom/FBBJSTEK.mp4,Walking,Boar,Mammal
./video/animalkingdom/KNUFETHG.mp4,Attending,Campbells Monkey,Mammal
./video/animalkingdom/GSVYUBQT.mp4,Eating,Plantain Squirrel,Mammal
./video/animalkingdom/EKSOYTEK.mp4,Attending,Sri Lankan Leopard,Mammal
./video/animalkingdom/ZOSSITCN.mp4,Walking,Horse Young,Mammal
./video/animalkingdom/TBABVDSN.mp4,Walking,Snow Leopard,Mammal
./video/animalkingdom/DEVMHVMS.mp4,Eating,Greater Mouse Deer,Mammal
./video/animalkingdom/ZGKKBTCN.mp4,Walking,Horse Young,Mammal
./video/animalkingdom/DJSSSXGD.mp4,Attending,Horse,Mammal
./video/animalkingdom/GNWELUPH.mp4,Walking,Chamois Goat Antelope,Mammal
./video/animalkingdom/PJVKHKEW.mp4,Attending,Giraffe,Mammal
./video/animalkingdom/LAHCUXGD.mp4,Running,Horse,Mammal
./video/animalkingdom/CGIQFVMP.mp4,Walking,Moose,Mammal
./video/animalkingdom/ZGPRSEBY.mp4,Jumping,Fox,Mammal
./video/animalkingdom/METEBRAC.mp4,Sensing,Capuchin Monkey,Mammal
./video/animalkingdom/DUOCPFFP.mp4,Running,Maroon Macaque,Mammal
./video/animalkingdom/HAIFDBQT.mp4,Eating,Plantain Squirrel,Mammal
./video/animalkingdom/VCPGFDSN.mp4,Jumping,Jaculus Jaculus,Mammal
./video/animalkingdom/LGYJLCNX.mp4,Sensing,Wolf,Mammal
./video/animalkingdom/XTQLFRAC.mp4,Walking,White Nosed Coati,Mammal
./video/animalkingdom/VOCEPBQT.mp4,Keeping still,Raffles Banded Langur,Mammal
./video/animalkingdom/JUBEUAMC.mp4,Eating,Lion Young,Mammal
./video/animalkingdom/HDGFVUDX.mp4,Walking,Cheetah,Mammal
./video/animalkingdom/HQPJACEI.mp4,Walking,Chimpanzee,Mammal
./video/animalkingdom/EDHHMXGD.mp4,Running,Dog,Mammal
./video/animalkingdom/UKLUXAMC.mp4,Walking,Lion Young,Mammal
./video/animalkingdom/CUKQYVMW.mp4,Walking,Mouse,Mammal
./video/animalkingdom/FILHMXGD.mp4,Walking,Horse,Mammal
./video/animalkingdom/VPLOIDSN.mp4,Sensing,Snow Leopard,Mammal
./video/animalkingdom/HITMUBQT.mp4,Eating,Plantain Squirrel,Mammal
./video/animalkingdom/SLVSUGCS.mp4,Sensing,Leopard,Mammal
./video/animalkingdom/CKVQKNJC.mp4,Eating,Monkey,Mammal
./video/animalkingdom/JGZIZFKM.mp4,Eating,Meerkat,Mammal
./video/animalkingdom/XGTSONSU.mp4,Walking,Hyena,Mammal
./video/animalkingdom/WVTLUUDX.mp4,Walking,Cheetah,Mammal
./video/animalkingdom/QUNGOFJG.mp4,Walking,Sumatran Serow,Mammal
./video/animalkingdom/ETSVYTHG.mp4,Exploring,Yellow-Backed Duiker,Mammal
./video/animalkingdom/UINTNEBY.mp4,Walking,Fox,Mammal
./video/animalkingdom/CCFBBEZZ.mp4,Walking,Bengal Tiger,Mammal
./video/animalkingdom/NTBQUTEK.mp4,Eating,Malayan Flying Fox,Mammal
./video/animalkingdom/HTDYEXGD.mp4,Sensing,Horse,Mammal
./video/animalkingdom/TOGGINPL.mp4,Climbing,Squirrel,Mammal
./video/animalkingdom/AELXQBME.mp4,Running,Horse,Mammal
./video/animalkingdom/PADTKUPH.mp4,Sensing,Chamois Goat Antelope,Mammal
./video/animalkingdom/CPOBLXGD.mp4,Sensing,Fox,Mammal
./video/animalkingdom/OQVSLNPO.mp4,Jumping,Lion,Mammal
./video/animalkingdom/NNBDIXGD.mp4,Running,Mountain Pygmy Possum,Mammal
./video/animalkingdom/NIOYNFFP.mp4,Eating,Otter,Mammal
./video/animalkingdom/EAUTRBQT.mp4,Sensing,Greater Mouse Deer,Mammal
./video/animalkingdom/ZZMKWNPL.mp4,Keeping still,Chimpanzee,Mammal
./video/animalkingdom/ECZKCXGD.mp4,Eating,Horse,Mammal
./video/animalkingdom/DDEBABQT.mp4,Keeping still,Raffles Banded Langur,Mammal
./video/animalkingdom/MFKPITHG.mp4,Running,King Colobus,Mammal
./video/animalkingdom/RPAJSBQT.mp4,Jumping,Raffles Banded Langur,Mammal
./video/animalkingdom/HRLSKXGD.mp4,Eating,Mountain Pygmy Possum,Mammal
./video/animalkingdom/QEIVEUDX.mp4,Walking,Elephant,Mammal
./video/animalkingdom/KDFVQDSN.mp4,Jumping,Jaculus Jaculus,Mammal
./video/animalkingdom/ZGLTOTHG.mp4,Attending,Campbells Monkey,Mammal
./video/animalkingdom/AFLPRFGA.mp4,Running,Wild Dog,Mammal
./video/animalkingdom/DSUCBXGD.mp4,Sensing,Kangaroo,Mammal
./video/animalkingdom/HLBYHXGD.mp4,Eating,Kangaroo,Mammal
./video/animalkingdom/HJVDLICI.mp4,Keeping still,Cheetah,Mammal
./video/animalkingdom/RRMNMXGD.mp4,Eating,Horse,Mammal
./video/animalkingdom/NTXWJFFP.mp4,Eating,Slow Loris,Mammal
./video/animalkingdom/WYMPJHGA.mp4,Attending,Meerkat,Mammal
./video/animalkingdom/ZKGPKTEK.mp4,Sensing,Meerkat,Mammal
./video/animalkingdom/TSJGPNPL.mp4,Climbing,Chimpanzee,Mammal
./video/animalkingdom/HMWPXDPR.mp4,Walking,Ocelot,Mammal
./video/animalkingdom/UVXXANPL.mp4,Sensing,Grey Langur,Mammal
./video/animalkingdom/FDYRGRLL.mp4,Walking,Mouse,Mammal
./video/animalkingdom/XBGXWNJC.mp4,Attending,Cheetah,Mammal
./video/animalkingdom/GXCSJXGD.mp4,Walking,Horse,Mammal
./video/animalkingdom/QWVRQXGD.mp4,Eating,Horse,Mammal
./video/animalkingdom/KHQAYAMC.mp4,Walking,Lion,Mammal
./video/animalkingdom/TXXOQFGA.mp4,Running,Wildebeest,Mammal
./video/animalkingdom/IPWPDQCN.mp4,Walking,Ibex,Mammal
./video/animalkingdom/NQVKKXGD.mp4,Running,Horse,Mammal
./video/animalkingdom/IXRBDXGD.mp4,Keeping still,Echina,Mammal
./video/animalkingdom/JDZKXPIF.mp4,Sensing,Grizzly Bear,Mammal
./video/animalkingdom/PQONGXGD.mp4,Exploring,Echina,Mammal
./video/animalkingdom/IEATCDSN.mp4,Walking,Cheetah,Mammal
./video/animalkingdom/WGCEPFGA.mp4,Running,Wildebeest,Mammal
./video/animalkingdom/DILOTWBC.mp4,Walking,Mongoose,Mammal
./video/animalkingdom/PJWDFXGD.mp4,Running,Horse,Mammal
./video/animalkingdom/RYRVNXGD.mp4,Running,Horse,Mammal
./video/animalkingdom/CEBOCNPL.mp4,Eating,Squirrel,Mammal
./video/animalkingdom/ZOTKPRSU.mp4,Running,Wolf,Mammal
./video/animalkingdom/XRFXXRAC.mp4,Walking,Capuchin Monkey,Mammal
./video/animalkingdom/CHIKUBQT.mp4,Climbing,Raffles Banded Langur,Mammal
./video/animalkingdom/VOYATBQT.mp4,Jumping,Raffles Banded Langur,Mammal
./video/animalkingdom/IUGCUFGA.mp4,Running,Wolf,Mammal
./video/animalkingdom/LNAIWQCN.mp4,Climbing,Ibex,Mammal
./video/animalkingdom/RLNXBXGD.mp4,Walking,Horse,Mammal
./video/animalkingdom/IVHZGXGD.mp4,Running,Horse,Mammal
./video/animalkingdom/DEPOXNBD.mp4,Sensing,Binturong,Mammal
./video/animalkingdom/CLDNLAMC.mp4,Sensing,Lion Young,Mammal
./video/animalkingdom/GNEUMTCN.mp4,Eating,Horse Young,Mammal
./video/animalkingdom/KMNEHXGD.mp4,Running,Horse,Mammal
./video/animalkingdom/ITTWLFGA.mp4,Running,Wildebeest,Mammal
./video/animalkingdom/UEDNIAMC.mp4,Walking,Lion,Mammal
./video/animalkingdom/NWLVKAMC.mp4,Sensing,Lion,Mammal
./video/animalkingdom/KJNBFBME.mp4,Eating,Horse,Mammal
./video/animalkingdom/PMIKUXGD.mp4,Running,Horse,Mammal
./video/animalkingdom/MTTSAXGD.mp4,Walking,Horse,Mammal
./video/animalkingdom/RJVCNRAC.mp4,Walking,Capuchin Monkey,Mammal
./video/animalkingdom/DDODPFGA.mp4,Sensing,Monkey,Mammal
./video/animalkingdom/CYWSCKEW.mp4,Attending,Stoat,Mammal
./video/animalkingdom/AGILRCNX.mp4,Sensing,Wolf,Mammal
./video/animalkingdom/ZNRVZHGA.mp4,Attending,Meerkat,Mammal
./video/animalkingdom/ZKDDYCEI.mp4,Walking,Chimpanzee,Mammal
./video/animalkingdom/EHPITBQT.mp4,Eating,Raffles Banded Langur,Mammal
./video/animalkingdom/RCRWQDSN.mp4,Attending,Markhor Goat,Mammal
./video/animalkingdom/LOJQOHGA.mp4,Walking,Lion,Mammal
./video/animalkingdom/LNKQREBY.mp4,Jumping,Fox,Mammal
./video/animalkingdom/XKDIPRLL.mp4,Walking,Mouse,Mammal
./video/animalkingdom/ETTESEBY.mp4,Jumping,Fox,Mammal
./video/animalkingdom/SJDUEBME.mp4,Running,Horse,Mammal
./video/animalkingdom/DBMJTZQJ.mp4,Eating,Otter,Mammal
./video/animalkingdom/TEJCGEBY.mp4,Jumping,Fox,Mammal
./video/animalkingdom/FFHIMDPR.mp4,Exploring,Coati,Mammal
./video/animalkingdom/MYZLDDSN.mp4,Sensing,Jaculus Jaculus,Mammal
./video/animalkingdom/AUHJYBQT.mp4,Walking,Pangolin,Mammal
./video/animalkingdom/QPHNRAMC.mp4,Walking,Lion Young,Mammal
./video/animalkingdom/RPLFKNBD.mp4,Keeping still,Elephant,Mammal
./video/animalkingdom/AYJBKXGD.mp4,Running,Horse,Mammal
./video/animalkingdom/WZUNXUDX.mp4,Walking,Wildebeest,Mammal
./video/animalkingdom/WKNRKBQT.mp4,Keeping still,Greater Mouse Deer,Mammal
./video/animalkingdom/VKIQRXGD.mp4,Walking,Horse,Mammal
./video/animalkingdom/XAXTAKTR.mp4,Keeping still,Mouse,Mammal
./video/animalkingdom/WYIPVICI.mp4,Keeping still,Cheetah,Mammal
./video/animalkingdom/JIWWTNPL.mp4,Walking,Squirrel,Mammal
./video/animalkingdom/DWJMZNSU.mp4,Attending,Hyena,Mammal
./video/animalkingdom/VMTACXGD.mp4,Walking,Echina,Mammal
./video/animalkingdom/HTVUFRSU.mp4,Running,Wolf,Mammal
./video/animalkingdom/JDCETIMN.mp4,Attending,Sumatran Hog Badger,Mammal
./video/animalkingdom/IBTBNXGD.mp4,Eating,Kangaroo,Mammal
./video/animalkingdom/PNPMLFFP.mp4,Keeping still,Maroon Macaque,Mammal
./video/animalkingdom/ATRFLUDX.mp4,Walking,Cheetah,Mammal
./video/animalkingdom/DVNMYKEW.mp4,Eating,Giraffe,Mammal
./video/animalkingdom/POGBPNPO.mp4,Running,Hyena,Mammal
./video/animalkingdom/QVFNHXGD.mp4,Walking,Horse,Mammal
./video/animalkingdom/XYXUJIMN.mp4,Walking,Marbled Cat,Mammal
./video/animalkingdom/COWCRRLL.mp4,Attending,Mouse,Mammal
./video/animalkingdom/YVYZGIMN.mp4,Sensing,Mitred Leaf Monkey,Mammal
./video/animalkingdom/NPCPNBQT.mp4,Jumping,Plantain Squirrel,Mammal
./video/animalkingdom/SOFPPBQT.mp4,Running,Plantain Squirrel,Mammal
./video/animalkingdom/FJFUPNBD.mp4,Sensing,Pig-Tailed Macaque,Mammal
./video/animalkingdom/OZUVUXDO.mp4,Walking,Tiger,Mammal
./video/animalkingdom/VMWZKBQT.mp4,Climbing,Raffles Banded Langur,Mammal
./video/animalkingdom/WXJUJDPO.mp4,Sensing,Leopard,Mammal
./video/animalkingdom/PWIOWTCN.mp4,Walking,Horse Young,Mammal
./video/animalkingdom/IAOVLTEK.mp4,Eating,Bornean Orangutan,Mammal
./video/animalkingdom/RSNDRXGD.mp4,Attending,Horse,Mammal
./video/animalkingdom/WMCOATHG.mp4,Sensing,King Colobus,Mammal
./video/animalkingdom/WOPPQEBY.mp4,Keeping still,Fox,Mammal
./video/animalkingdom/QPJKLQCN.mp4,Walking,Ibex,Mammal
./video/animalkingdom/POXHLBQT.mp4,Jumping,Raffles Banded Langur,Mammal
./video/animalkingdom/VAZMATEK.mp4,Attending,Colugo,Mammal
./video/animalkingdom/MSBNPXGD.mp4,Running,Horse,Mammal
./video/animalkingdom/OEXDWKEW.mp4,Running,Goat,Mammal
./video/animalkingdom/NPOMTXDO.mp4,Running,Porcupine,Mammal
./video/animalkingdom/SSZDRNPL.mp4,Walking,Grey Langur,Mammal
./video/animalkingdom/UAVAIXGD.mp4,Running,Horse,Mammal
./video/animalkingdom/TDGPBDSN.mp4,Running,Wolf,Mammal
./video/animalkingdom/HESZDXGD.mp4,Running,Horse,Mammal
./video/animalkingdom/TLKZQCEI.mp4,Eating,Chimpanzee,Mammal
./video/animalkingdom/YSXPPBQT.mp4,Keeping still,Greater Mouse Deer,Mammal
./video/animalkingdom/MMNFYBQT.mp4,Eating,Lesser Mousedeer,Mammal
./video/animalkingdom/ZGQWJRAC.mp4,Walking,Racoon,Mammal
./video/animalkingdom/COQKMVYU.mp4,Attending,Leopard,Mammal
./video/animalkingdom/EKLRBBQT.mp4,Sensing,Raffles Banded Langur,Mammal
./video/animalkingdom/SZZNBRAC.mp4,Keeping still,Agouti,Mammal
./video/animalkingdom/UBCGIQCN.mp4,Climbing,Ibex,Mammal
./video/animalkingdom/IBOJVUDX.mp4,Walking,Cheetah,Mammal
./video/animalkingdom/NUNUFNPL.mp4,Eating,Grey Langur,Mammal
./video/animalkingdom/EFTEJFFP.mp4,Sensing,Maroon Macaque,Mammal
./video/animalkingdom/NFLLLRAC.mp4,Walking,Capuchin Monkey,Mammal
./video/animalkingdom/FQVKNDSN.mp4,Running,Cheetah,Mammal
./video/animalkingdom/BJGNITHG.mp4,Climbing,King Colobus,Mammal
./video/animalkingdom/UISXXGCS.mp4,Walking,Leopard,Mammal
./video/animalkingdom/TUKWZXGD.mp4,Jumping,Kangaroo,Mammal
./video/animalkingdom/SGAWVRAC.mp4,Running,White Nosed Coati,Mammal
./video/animalkingdom/FUXKHZQJ.mp4,Walking,Otter,Mammal
./video/animalkingdom/CAZKQXGD.mp4,Running,Horse,Mammal
./video/animalkingdom/ZKCGGXGD.mp4,Jumping,Kangaroo,Mammal
./video/animalkingdom/PJKCONPL.mp4,Climbing,Chimpanzee,Mammal
./video/animalkingdom/SDCUPTEK.mp4,Eating,Two-Toed Sloth,Mammal
./video/animalkingdom/VFMHHBQT.mp4,Walking,Lesser Mousedeer,Mammal
./video/animalkingdom/QFDGSVYU.mp4,Walking,Leopard,Mammal
./video/animalkingdom/OATVXFGA.mp4,Keeping still,Wildebeest,Mammal
./video/animalkingdom/GMHMUNPL.mp4,Eating,Squirrel,Mammal
./video/animalkingdom/DNAYBRAC.mp4,Running,White Nosed Coati,Mammal
./video/animalkingdom/TBRGPBQT.mp4,Eating,Raffles Banded Langur,Mammal
./video/animalkingdom/FYGPDRAC.mp4,Sensing,Red-Blacked Squirrel Monkey,Mammal
./video/animalkingdom/WALEWCNX.mp4,Exploring,Wolf,Mammal
./video/animalkingdom/WOIIZSMJ.mp4,Sensing,Marshbuck,Mammal
./video/animalkingdom/XFIHQEBY.mp4,Walking,Fox,Mammal
./video/animalkingdom/CKFVZXGD.mp4,Attending,Dog,Mammal
./video/animalkingdom/ZYCHRRAC.mp4,Walking,Racoon,Mammal
./video/animalkingdom/LQLZXXGD.mp4,Running,Horse,Mammal
./video/animalkingdom/JVTSBUDX.mp4,Walking,Elephant,Mammal
./video/animalkingdom/FFEBKBQT.mp4,Attending,Greater Mouse Deer,Mammal
./video/animalkingdom/XCQEYBQT.mp4,Attending,Greater Mouse Deer,Mammal
./video/animalkingdom/IVNWICNX.mp4,Walking,Wolf,Mammal
./video/animalkingdom/PGVXPTHG.mp4,Sensing,African Civet,Mammal
./video/animalkingdom/PHIFDXGD.mp4,Running,Horse,Mammal
./video/animalkingdom/QDESMRAC.mp4,Sensing,Capuchin Monkey,Mammal
./video/animalkingdom/MIKMJFFP.mp4,Climbing,Maroon Macaque,Mammal
./video/animalkingdom/KWWHLDPR.mp4,Walking,Ocelot,Mammal
./video/animalkingdom/TMNGGDSN.mp4,Exploring,Desert Fox,Mammal
./video/animalkingdom/WFKBBXGD.mp4,Running,Horse,Mammal
./video/animalkingdom/JAMZRAMC.mp4,Walking,Lion Young,Mammal
./video/animalkingdom/KOCQUXGD.mp4,Running,Horse,Mammal
./video/animalkingdom/TROMEXGD.mp4,Jumping,Rabbit,Mammal
./video/animalkingdom/WUXVGNSU.mp4,Walking,Hyena,Mammal
./video/animalkingdom/HREWJTEK.mp4,Eating,Fishing Cat,Mammal
./video/animalkingdom/ZJZMUTHG.mp4,Walking,Red River Hog,Mammal
./video/animalkingdom/AVDZYRAC.mp4,Jumping,Red-Blacked Squirrel Monkey,Mammal
./video/animalkingdom/JQMSRHGA.mp4,Sensing,African Oryx,Mammal
./video/animalkingdom/CEGXIFKM.mp4,Walking,Meerkat,Mammal
./video/animalkingdom/SRVYHKEW.mp4,Sensing,Goat,Mammal
./video/animalkingdom/YTDEHWBC.mp4,Keeping still,Mongoose,Mammal
./video/animalkingdom/XVIHQBQT.mp4,Jumping,Raffles Banded Langur,Mammal
./video/animalkingdom/IMAQEICI.mp4,Keeping still,Cheetah,Mammal
./video/animalkingdom/WKQQZUDX.mp4,Walking,African Oryx,Mammal
./video/animalkingdom/DHMLCBME.mp4,Walking,Horse,Mammal
./video/animalkingdom/UBWOETHG.mp4,Walking,Giant Forest Hog,Mammal
./video/animalkingdom/DTHOBFFP.mp4,Keeping still,Maroon Macaque,Mammal
./video/animalkingdom/BKPMVBQT.mp4,Exploring,Lesser Mousedeer,Mammal
./video/animalkingdom/TOTDUUDX.mp4,Walking,Cheetah,Mammal
./video/animalkingdom/UQBGXAMC.mp4,Walking,Lion Young,Mammal
./video/animalkingdom/PGIYTTEK.mp4,Eating,Malayan Flying Fox,Mammal
./video/animalkingdom/TQOVJTHG.mp4,Sensing,Campbells Monkey,Mammal
./video/animalkingdom/OXTZINPL.mp4,Keeping still,Chimpanzee,Mammal
./video/animalkingdom/RYTNBFFP.mp4,Eating,Otter,Mammal
./video/animalkingdom/GHJKYBQT.mp4,Sensing,Otter,Mammal
./video/animalkingdom/GWMRQXGD.mp4,Walking,Horse,Mammal
./video/animalkingdom/NJGSYBQT.mp4,Climbing,Raffles Banded Langur,Mammal
./video/animalkingdom/VZNGJVMW.mp4,Keeping still,Mouse,Mammal
./video/animalkingdom/AOZWOKEW.mp4,Running,Pika,Mammal
./video/animalkingdom/MGIPMBQT.mp4,Climbing,Raffles Banded Langur,Mammal
./video/animalkingdom/YNOZOQCN.mp4,Sensing,Ibex,Mammal
./video/animalkingdom/ZACRFDPO.mp4,Sensing,Leopard,Mammal
./video/animalkingdom/JFUJBBQT.mp4,Sensing,Raffles Banded Langur,Mammal
./video/animalkingdom/UYFARXDO.mp4,Running,Giraffe,Mammal
./video/animalkingdom/FCMXJDSN.mp4,Running,Buffalo,Mammal
./video/animalkingdom/UAARUGCS.mp4,Running,Elephant,Mammal
./video/animalkingdom/WEVILBME.mp4,Walking,Horse,Mammal
./video/animalkingdom/CWLZEQCN.mp4,Walking,Ibex,Mammal
./video/animalkingdom/ENCQCCNX.mp4,Walking,Wolf,Mammal
./video/animalkingdom/MBAMZXGD.mp4,Eating,Horse,Mammal
./video/animalkingdom/PELWMAMC.mp4,Eating,Lion,Mammal
./video/animalkingdom/GQPZXBME.mp4,Eating,Horse,Mammal
./video/animalkingdom/KPZKHBQT.mp4,Jumping,Long Tailed Macaque,Mammal
./video/animalkingdom/VINJRFGA.mp4,Walking,Polar Bear,Mammal
./video/animalkingdom/UJNRNUDX.mp4,Walking,Elephant,Mammal
./video/animalkingdom/BLWNMRAC.mp4,Walking,Jaguarundi Cat,Mammal
./video/animalkingdom/NCVGQOXJ.mp4,Walking,Beaver,Mammal
./video/animalkingdom/MYVPFUDX.mp4,Walking,Lion,Mammal
./video/animalkingdom/NORPJXGD.mp4,Eating,Horse,Mammal
./video/animalkingdom/AJWSYUDX.mp4,Running,Cheetah,Mammal
./video/animalkingdom/IIAZJFGA.mp4,Walking,Wildebeest,Mammal
./video/animalkingdom/VBDQBTHG.mp4,Sensing,Campbells Monkey,Mammal
./video/animalkingdom/VRXTWTHG.mp4,Walking,Red River Hog,Mammal
./video/animalkingdom/TLFNEGCS.mp4,Attending,Elephant,Mammal
./video/animalkingdom/TJXSVVYU.mp4,Sensing,Leopard,Mammal
./video/animalkingdom/NECEMXGD.mp4,Running,Horse,Mammal
./video/animalkingdom/TEKPGCNX.mp4,Walking,Wolf,Mammal
./video/animalkingdom/UVFRLCNX.mp4,Walking,Wolf,Mammal
./video/animalkingdom/VZAYVNPL.mp4,Attending,Chimpanzee,Mammal
./video/animalkingdom/QAXWTUDX.mp4,Walking,Zebra,Mammal
./video/animalkingdom/GGTIOXGD.mp4,Keeping still,Horse,Mammal
./video/animalkingdom/SXTOOXGD.mp4,Exploring,Mountain Pygmy Possum,Mammal
./video/animalkingdom/VNVJRBQT.mp4,Sensing,Raffles Banded Langur,Mammal
./video/animalkingdom/XLPAQXGD.mp4,Walking,Horse,Mammal
./video/animalkingdom/VGALMFGA.mp4,Running,Wild Dog,Mammal
./video/animalkingdom/OLSEQBME.mp4,Walking,Horse,Mammal
./video/animalkingdom/PEFGQBQT.mp4,Climbing,Raffles Banded Langur,Mammal
./video/animalkingdom/RTTMMBQT.mp4,Jumping,Plantain Squirrel,Mammal
./video/animalkingdom/WEKKSFFP.mp4,Eating,Otter,Mammal
./video/animalkingdom/EDXUUCNX.mp4,Walking,Wolf,Mammal
./video/animalkingdom/ILBGLNPL.mp4,Sensing,Squirrel,Mammal
./video/animalkingdom/IXUEPHGA.mp4,Keeping still,Giraffe,Mammal
./video/animalkingdom/XUCHNBQT.mp4,Exploring,Greater Mouse Deer,Mammal
./video/animalkingdom/IOCXZWBC.mp4,Walking,Mongoose,Mammal
./video/animalkingdom/KGYMGAMC.mp4,Sensing,Lion,Mammal
./video/animalkingdom/PVOJLWBC.mp4,Running,Mongoose,Mammal
./video/animalkingdom/TIQWILQI.mp4,Sensing,Barking Deer,Mammal
./video/animalkingdom/YNRFIXGD.mp4,Running,Horse,Mammal
./video/animalkingdom/IFUOAXGD.mp4,Jumping,Horse,Mammal
./video/animalkingdom/RPTWVAMC.mp4,Eating,Lion,Mammal
./video/animalkingdom/UKNUWRAC.mp4,Running,White Nosed Coati,Mammal
./video/animalkingdom/BDRBLXGD.mp4,Sensing,Horse,Mammal
./video/animalkingdom/HYHSYDSN.mp4,Keeping still,Jaculus Jaculus,Mammal
./video/animalkingdom/WZXPNXGD.mp4,Running,Horse,Mammal
./video/animalkingdom/TZNNTFGA.mp4,Walking,Wildebeest,Mammal
./video/animalkingdom/ZYEXPGCS.mp4,Walking,Elephant,Mammal
./video/animalkingdom/QWFAKXGD.mp4,Eating,Kangaroo Young,Mammal
./video/animalkingdom/WHHMUBQT.mp4,Eating,Otter,Mammal
./video/animalkingdom/KWGKFHGA.mp4,Keeping still,Meerkat,Mammal
./video/animalkingdom/JAUQEBQT.mp4,Exploring,Greater Mouse Deer,Mammal
./video/animalkingdom/OTYBJXGD.mp4,Walking,Horse,Mammal
./video/animalkingdom/DPJTTFGA.mp4,Running,Wildebeest,Mammal
./video/animalkingdom/QNZCVUDX.mp4,Walking,Leopard,Mammal
./video/animalkingdom/IYXWUBQT.mp4,Climbing,Raffles Banded Langur,Mammal
./video/animalkingdom/SXYZOPIF.mp4,Sensing,Polar Bear,Mammal
./video/animalkingdom/RNDTTFGA.mp4,Walking,Wolf,Mammal
./video/animalkingdom/LXSJMUDX.mp4,Walking,Cheetah,Mammal
./video/animalkingdom/UCKOARAC.mp4,Walking,Jaguarundi Cat,Mammal
./video/animalkingdom/VPHGQVMP.mp4,Eating,Bison,Mammal
./video/animalkingdom/POKMBRAC.mp4,Eating,White Nosed Coati,Mammal
./video/animalkingdom/FVTDENPL.mp4,Sensing,Squirrel,Mammal
./video/animalkingdom/AITARXDO.mp4,Walking,Zebra,Mammal
./video/animalkingdom/PVVFIPIK.mp4,Sensing,Polar Bear,Mammal
./video/animalkingdom/FGLLYIMN.mp4,Walking,Mitred Leaf Monkey,Mammal
./video/animalkingdom/FSCZHDSN.mp4,Running,Snow Leopard,Mammal
./video/animalkingdom/ICPFTUDX.mp4,Walking,Lion,Mammal
./video/animalkingdom/DPOICXGD.mp4,Attending,Horse,Mammal
./video/animalkingdom/CWDMGCEI.mp4,Eating,Chimpanzee,Mammal
./video/animalkingdom/DRQOSRAC.mp4,Walking,Nine Banded Armadillo,Mammal
./video/animalkingdom/XQYXSXGD.mp4,Walking,Horse,Mammal
./video/animalkingdom/VXWSRXGD.mp4,Running,Horse,Mammal
./video/animalkingdom/HCPLXQCN.mp4,Sensing,Ibex,Mammal
./video/animalkingdom/GQKYNFYY.mp4,Eating,Otter,Mammal
./video/animalkingdom/KNCDHEUV.mp4,Walking,Antelope,Mammal
./video/animalkingdom/MIAGSEZZ.mp4,Walking,Elephant,Mammal
./video/animalkingdom/BRFICAMC.mp4,Walking,Lion,Mammal
./video/animalkingdom/QQLBSTEK.mp4,Walking,Sri Lankan Leopard,Mammal
./video/animalkingdom/TJHQREQQ.mp4,Walking,Leopard,Mammal
./video/animalkingdom/YHTQTQCN.mp4,Walking,Ibex,Mammal
./video/animalkingdom/GVVCNKEW.mp4,Running,Pika,Mammal
./video/animalkingdom/HZKXONBD.mp4,Walking,Malayan Tapir,Mammal
./video/animalkingdom/NRQXYXGD.mp4,Running,Horse,Mammal
./video/animalkingdom/NNCQJRAC.mp4,Walking,Capuchin Monkey,Mammal
./video/animalkingdom/SKUAIXGD.mp4,Running,Horse,Mammal
./video/animalkingdom/SQZNJHGA.mp4,Attending,Giraffe,Mammal
./video/animalkingdom/CCPMEKEW.mp4,Walking,Giraffe,Mammal
./video/animalkingdom/DYDWHTHG.mp4,Exploring,Black Duiker,Mammal
./video/animalkingdom/EJDUGBME.mp4,Eating,Horse,Mammal
./video/animalkingdom/QGEJIRAC.mp4,Walking,Jaguarundi Cat,Mammal
./video/animalkingdom/MFZQOBME.mp4,Walking,Horse,Mammal
./video/animalkingdom/NIFNJTEK.mp4,Eating,Panda,Mammal
./video/animalkingdom/PZVFMBQT.mp4,Climbing,Plantain Squirrel,Mammal
./video/animalkingdom/YMCRZUPH.mp4,Eating,Squirrel,Mammal
./video/animalkingdom/DDBBLRAC.mp4,Walking,Agouti,Mammal
./video/animalkingdom/UISTSXGD.mp4,Jumping,Kangaroo,Mammal
./video/animalkingdom/HPHVJTCN.mp4,Sensing,Horse Young,Mammal
./video/animalkingdom/MOPYCBQT.mp4,Climbing,Raffles Banded Langur,Mammal
./video/animalkingdom/CBPNVFGA.mp4,Walking,Wildebeest,Mammal
./video/animalkingdom/ZUKMHRAC.mp4,Jumping,Capuchin Monkey,Mammal
./video/animalkingdom/SOAWNVYU.mp4,Walking,Leopard,Mammal
./video/animalkingdom/YEXJPWBC.mp4,Running,Mongoose,Mammal
./video/animalkingdom/MARMGBQT.mp4,Sensing,Otter,Mammal
./video/animalkingdom/FJABQEBY.mp4,Walking,Fox,Mammal
./video/animalkingdom/ZFQVBXGD.mp4,Eating,Kangaroo,Mammal
./video/animalkingdom/PPDOPXGD.mp4,Running,Mountain Pygmy Possum,Mammal
./video/animalkingdom/OLAMJEBY.mp4,Jumping,Fox,Mammal
./video/animalkingdom/LWEPQNPO.mp4,Attending,Lion,Mammal
./video/animalkingdom/YBWKDAMC.mp4,Walking,Lion Young,Mammal
./video/animalkingdom/NGRURCNX.mp4,Walking,Wolf,Mammal
./video/animalkingdom/HAJCSXGD.mp4,Running,Horse,Mammal
./video/animalkingdom/LCNNZBQT.mp4,Eating,Raffles Banded Langur,Mammal
./video/animalkingdom/BWLFAFGA.mp4,Walking,Wolf,Mammal
./video/animalkingdom/BLXHYXGD.mp4,Running,Horse,Mammal
./video/animalkingdom/NNRHKNPL.mp4,Sensing,Squirrel,Mammal
./video/animalkingdom/UJTTXAMC.mp4,Walking,Lion Young,Mammal
./video/animalkingdom/OSMOVBME.mp4,Exploring,Horse,Mammal
./video/animalkingdom/NNJYKXGD.mp4,Walking,Horse,Mammal
./video/animalkingdom/TKRRDXDO.mp4,Walking,Lion,Mammal
./video/animalkingdom/JETWLNBD.mp4,Exploring,Sambar Deer,Mammal
./video/animalkingdom/GMAYMFGA.mp4,Walking,Wildebeest,Mammal
./video/animalkingdom/FUMVYIQR.mp4,Walking,Mongoose,Mammal
./video/animalkingdom/AJGHONSU.mp4,Walking,Hyena,Mammal
./video/animalkingdom/RPURKXDO.mp4,Sensing,Lion,Mammal
./video/animalkingdom/JYRPBFGA.mp4,Walking,Wildebeest,Mammal
./video/animalkingdom/PBUELVYU.mp4,Sensing,Leopard,Mammal
./video/animalkingdom/IONOCBQT.mp4,Sensing,Raffles Banded Langur,Mammal
./video/animalkingdom/HOXJRNPL.mp4,Walking,Squirrel,Mammal
./video/animalkingdom/UXMDTUDX.mp4,Walking,Elephant,Mammal
./video/animalkingdom/OYTJJBQT.mp4,Keeping still,Plantain Squirrel,Mammal
./video/animalkingdom/RAFWEEBY.mp4,Walking,Fox,Mammal
./video/animalkingdom/RVFUTBQT.mp4,Jumping,Raffles Banded Langur,Mammal
./video/animalkingdom/JWSQNAMC.mp4,Sensing,Lion Young,Mammal
./video/animalkingdom/YCSCMFGA.mp4,Walking,Caribou,Mammal
./video/animalkingdom/ZSNECFJG.mp4,Eating,Malayan Tapir,Mammal
./video/animalkingdom/ORUORXGD.mp4,Keeping still,Horse,Mammal
./video/animalkingdom/MUKWJBQT.mp4,Climbing,Raffles Banded Langur,Mammal
./video/animalkingdom/VREFBTHG.mp4,Walking,Yellow-Backed Duiker,Mammal
./video/animalkingdom/KUHDJRAC.mp4,Walking,Agouti,Mammal
./video/animalkingdom/ILHAUQCN.mp4,Walking,Ibex,Mammal
./video/animalkingdom/BWCJIRAC.mp4,Walking,Tamandua,Mammal
./video/animalkingdom/BXBRADSN.mp4,Walking,Cheetah,Mammal
./video/animalkingdom/ATMATAMC.mp4,Walking,Lion,Mammal
./video/animalkingdom/LJXLFBQT.mp4,Exploring,Plantain Squirrel,Mammal
./video/animalkingdom/GNYJZBQT.mp4,Walking,Pangolin,Mammal
./video/animalkingdom/ESSNTDSN.mp4,Jumping,Jaculus Jaculus,Mammal
./video/animalkingdom/NUWXWUDX.mp4,Walking,African Oryx,Mammal
./video/animalkingdom/UGXUWXGD.mp4,Attending,Horse,Mammal
./video/animalkingdom/FNPLQCNX.mp4,Walking,Wolf,Mammal
./video/animalkingdom/KPYPFFFP.mp4,Eating,Maroon Macaque,Mammal
./video/animalkingdom/HLTTPEZZ.mp4,Attending,Sambar Deer,Mammal
./video/animalkingdom/RQXAWFGA.mp4,Running,Wildebeest,Mammal
./video/animalkingdom/LFSGMCEI.mp4,Running,Chimpanzee,Mammal
./video/animalkingdom/MRPVZAMC.mp4,Walking,Lion Young,Mammal
./video/animalkingdom/DMWSNSMJ.mp4,Keeping still,Marshbuck,Mammal
./video/animalkingdom/PTGENDSN.mp4,Walking,Snow Leopard,Mammal
./video/animalkingdom/SMLRJXGD.mp4,Keeping still,Dog,Mammal
./video/animalkingdom/DYYBXFYY.mp4,Attending,Otter,Mammal
./video/animalkingdom/HRJQVUDX.mp4,Walking,Elephant,Mammal
./video/animalkingdom/LKOKXFFP.mp4,Eating,Maroon Macaque,Mammal
./video/animalkingdom/MIHLVNSU.mp4,Walking,Hyena,Mammal
./video/animalkingdom/ICWMBAMC.mp4,Walking,Lion,Mammal
./video/animalkingdom/YBSWUGCS.mp4,Running,Elephant,Mammal
./video/animalkingdom/EXPXKXGD.mp4,Attending,Kangaroo,Mammal
./video/animalkingdom/HZSBAVMP.mp4,Eating,Bison,Mammal
./video/animalkingdom/DXNSEQCN.mp4,Walking,Ibex,Mammal
./video/animalkingdom/TNANEFGA.mp4,Walking,Wild Dog,Mammal
./video/animalkingdom/UOGSDXGD.mp4,Jumping,Kangaroo,Mammal
./video/animalkingdom/ADAACXGD.mp4,Running,Horse,Mammal
./video/animalkingdom/ANVGYRAC.mp4,Running,White Nosed Coati,Mammal
./video/animalkingdom/IVIQTFJG.mp4,Walking,Malayan Tapir,Mammal
./video/animalkingdom/AEHRLGCS.mp4,Walking,Giraffe,Mammal
./video/animalkingdom/VOQBHTEK.mp4,Jumping,Sri Lankan Leopard,Mammal
./video/animalkingdom/QKHRSBQT.mp4,Sensing,Colugo,Mammal
./video/animalkingdom/PXZENNJC.mp4,Attending,Chimpanzee,Mammal
./video/animalkingdom/AOBXIFGA.mp4,Walking,Polar Bear,Mammal
./video/animalkingdom/FJSMYNPL.mp4,Climbing,Squirrel,Mammal
./video/animalkingdom/DOWWVRAC.mp4,Running,Coyote,Mammal
./video/animalkingdom/UOYWOCNX.mp4,Exploring,Wolf,Mammal
./video/animalkingdom/HYGTXBQT.mp4,Sensing,Raffles Banded Langur,Mammal
./video/animalkingdom/QGVEAIMN.mp4,Exploring,Sumatran Hog Badger,Mammal
./video/animalkingdom/CEIKSPIF.mp4,Attending,Grizzly Bear,Mammal
./video/animalkingdom/FETWZXDO.mp4,Eating,Rhinoceros,Mammal
./video/animalkingdom/MTKZZUDX.mp4,Walking,Cheetah,Mammal
./video/animalkingdom/NGIGDBQT.mp4,Sensing,Raffles Banded Langur,Mammal
./video/animalkingdom/TEAEVKEW.mp4,Eating,Rabbit,Mammal
./video/animalkingdom/NBZGXNPO.mp4,Running,Lion,Mammal
./video/animalkingdom/AAOYRUDX.mp4,Walking,Elephant,Mammal
./video/animalkingdom/XTJMAXGD.mp4,Walking,Horse,Mammal
./video/animalkingdom/VUJUSRAC.mp4,Jumping,Coyote,Mammal
./video/animalkingdom/SWNMEEUL.mp4,Keeping still,Leopard,Mammal
./video/animalkingdom/UNOMEVMP.mp4,Walking,Moose,Mammal
./video/animalkingdom/RLSGXNPL.mp4,Keeping still,Squirrel,Mammal
./video/animalkingdom/GSRHOXGD.mp4,Running,Horse,Mammal
./video/animalkingdom/ZDLCHFKM.mp4,Keeping still,Meerkat,Mammal
./video/animalkingdom/CSTTXXGD.mp4,Running,Horse,Mammal
./video/animalkingdom/RLFGTEZZ.mp4,Walking,Spotted Deer,Mammal
./video/animalkingdom/HCDJRXGD.mp4,Running,Horse,Mammal
./video/animalkingdom/CAPHBUPH.mp4,Exploring,Squirrel,Mammal
./video/animalkingdom/QKPIAXGD.mp4,Walking,Horse,Mammal
./video/animalkingdom/SYPTOFGA.mp4,Running,Wildebeest,Mammal
./video/animalkingdom/PYJOVRAC.mp4,Sensing,Jaguarundi Cat,Mammal
./video/animalkingdom/BHSJGBQT.mp4,Eating,Plantain Squirrel,Mammal
./video/animalkingdom/AEMZBKEW.mp4,Walking,Goat,Mammal
./video/animalkingdom/WBKGUIQR.mp4,Running,Mongoose,Mammal
./video/animalkingdom/PEFRDXGD.mp4,Jumping,Kangaroo,Mammal
./video/animalkingdom/SGEXGZON.mp4,Eating,Deer,Mammal
./video/animalkingdom/ZOKDYXGD.mp4,Exploring,Wombat,Mammal
./video/animalkingdom/JDRFJNPL.mp4,Eating,Squirrel,Mammal
./video/animalkingdom/JWAKZXDO.mp4,Running,Rhinoceros,Mammal
./video/animalkingdom/GUINTTCN.mp4,Walking,Horse Young,Mammal
./video/animalkingdom/NLKRMTEK.mp4,Attending,Lion,Mammal
./video/animalkingdom/IAARQSMJ.mp4,Walking,Red River Hog,Mammal
./video/animalkingdom/XEAGNXDO.mp4,Walking,Lion,Mammal
./video/animalkingdom/ABNMGXGD.mp4,Eating,Horse,Mammal
./video/animalkingdom/DMWDYKEW.mp4,Running,Pika,Mammal
./video/animalkingdom/QFXYXRSU.mp4,Keeping still,Wolf,Mammal
./video/animalkingdom/PKSIICIN.mp4,Eating,Cow,Mammal
./video/animalkingdom/WXAHYDSN.mp4,Jumping,Jaculus Jaculus,Mammal
./video/animalkingdom/FLBGMVYU.mp4,Walking,Leopard,Mammal
./video/animalkingdom/YOQBGVYU.mp4,Walking,Leopard,Mammal
./video/animalkingdom/ZLBHWDPR.mp4,Walking,Capuchin Monkey,Mammal
./video/animalkingdom/XAPSLVMP.mp4,Keeping still,Bison,Mammal
./video/animalkingdom/OIYUSXGD.mp4,Running,Horse,Mammal
./video/animalkingdom/QFXEKDSN.mp4,Walking,Cheetah,Mammal
./video/animalkingdom/YDYNZXGD.mp4,Walking,Horse,Mammal
./video/animalkingdom/OAIWHUDX.mp4,Walking,Elephant,Mammal
./video/animalkingdom/SROMNXGD.mp4,Exploring,Platypus,Mammal
./video/animalkingdom/JXJHLUDX.mp4,Walking,Wildebeest,Mammal
./video/animalkingdom/FQXIDUDX.mp4,Eating,Elephant,Mammal
./video/animalkingdom/LLCDYDUS.mp4,Walking,Cattle,Mammal
./video/animalkingdom/NSBJDBME.mp4,Eating,Horse,Mammal
./video/animalkingdom/BZWVJNSU.mp4,Running,Hyena,Mammal
./video/animalkingdom/NMMLDVYU.mp4,Walking,Leopard,Mammal
./video/animalkingdom/DJXQRUDX.mp4,Walking,Cheetah,Mammal
./video/animalkingdom/RTHHRXGD.mp4,Running,Horse,Mammal
./video/animalkingdom/AMDKPEQQ.mp4,Sensing,Sloth,Mammal
./video/animalkingdom/VTVPENBD.mp4,Keeping still,Malayan Porcupine,Mammal
./video/animalkingdom/GNNXLFFP.mp4,Walking,Maroon Macaque,Mammal
./video/animalkingdom/DUMCHKEW.mp4,Walking,Goat,Mammal
./video/animalkingdom/PKZEHUDX.mp4,Walking,Cheetah,Mammal
./video/animalkingdom/KMUGKXDO.mp4,Walking,Porcupine,Mammal
./video/animalkingdom/BFBBMEBY.mp4,Sensing,Fox,Mammal
./video/animalkingdom/MSKRPXGD.mp4,Sensing,Mountain Pygmy Possum,Mammal
./video/animalkingdom/TSDZSVYU.mp4,Jumping,Leopard,Mammal
./video/animalkingdom/WCLYVFFP.mp4,Running,Otter,Mammal
./video/animalkingdom/QELNMVYU.mp4,Attending,Leopard,Mammal
./video/animalkingdom/SHBTTVYU.mp4,Attending,Leopard,Mammal
./video/animalkingdom/AMVCDFGA.mp4,Walking,Polar Bear,Mammal
./video/animalkingdom/HLJWHRAC.mp4,Walking,Tamandua,Mammal
./video/animalkingdom/RGSPGBQT.mp4,Climbing,Raffles Banded Langur,Mammal
./video/animalkingdom/XJNPBRAC.mp4,Walking,Capuchin Monkey,Mammal
./video/animalkingdom/EUKRNXGD.mp4,Walking,Dingo Dog,Mammal
./video/animalkingdom/XMMYSGCS.mp4,Keeping still,Lion,Mammal
./video/animalkingdom/UOUAKEBY.mp4,Keeping still,Fox,Mammal
./video/animalkingdom/NQIEPAMC.mp4,Walking,Lion Young,Mammal
./video/animalkingdom/GXCJRKEW.mp4,Running,Stoat,Mammal
./video/animalkingdom/GTKMUFFP.mp4,Sensing,Maroon Macaque,Mammal
./video/animalkingdom/CLYFEFKM.mp4,Keeping still,Meerkat,Mammal
./video/animalkingdom/QWWGKGCS.mp4,Running,Elephant,Mammal
./video/animalkingdom/HFEKNBQT.mp4,Jumping,Raffles Banded Langur,Mammal
./video/animalkingdom/WCXUZRLL.mp4,Running,Mouse,Mammal
./video/animalkingdom/SFUWLXGD.mp4,Keeping still,Kangaroo,Mammal
./video/animalkingdom/OIWQUVYU.mp4,Walking,Leopard,Mammal
./video/animalkingdom/FUNCGCNX.mp4,Exploring,Wolf,Mammal
./video/animalkingdom/IECYSLQI.mp4,Eating,Barking Deer,Mammal
./video/animalkingdom/HQIISNPL.mp4,Walking,Squirrel,Mammal
./video/animalkingdom/ISBVMNPL.mp4,Attending,Squirrel,Mammal
./video/animalkingdom/QBGNXAMC.mp4,Walking,Lion Young,Mammal
./video/animalkingdom/BTVKSBQT.mp4,Eating,Raffles Banded Langur,Mammal
./video/animalkingdom/SEAMDXGD.mp4,Jumping,Kangaroo,Mammal
./video/animalkingdom/TPXYDXGD.mp4,Sensing,Kangaroo,Mammal
./video/animalkingdom/IDCHAFGA.mp4,Running,Wolf,Mammal
./video/animalkingdom/HQIGZNPL.mp4,Keeping still,Squirrel,Mammal
./video/animalkingdom/RBSUEBQT.mp4,Jumping,Raffles Banded Langur,Mammal
./video/animalkingdom/NXAGCDPO.mp4,Sensing,Leopard,Mammal
./video/animalkingdom/MGMXSXGD.mp4,Running,Horse,Mammal
./video/animalkingdom/AKRYLKEW.mp4,Running,Goat,Mammal
./video/animalkingdom/DDSHFVYU.mp4,Walking,Leopard,Mammal
./video/animalkingdom/JCAWKUDX.mp4,Attending,Leopard,Mammal
./video/animalkingdom/DCRKSUDX.mp4,Walking,Leopard,Mammal
./video/animalkingdom/OIOASICI.mp4,Keeping still,Cheetah,Mammal
./video/animalkingdom/DZMSMUDX.mp4,Walking,Elephant,Mammal
./video/animalkingdom/YOHBCTEK.mp4,Walking,White Rhinoceros,Mammal
./video/animalkingdom/QQENADSN.mp4,Jumping,Jaculus Jaculus,Mammal
./video/animalkingdom/VEMEECNX.mp4,Keeping still,Wolf,Mammal
./video/animalkingdom/AZFKGBQT.mp4,Keeping still,Raffles Banded Langur,Mammal
./video/animalkingdom/LQKLZEBY.mp4,Sensing,Fox,Mammal
./video/animalkingdom/COYLUXGD.mp4,Walking,Horse,Mammal
./video/animalkingdom/IUFMBXGD.mp4,Walking,Horse,Mammal
./video/animalkingdom/SQBJFXGD.mp4,Running,Mountain Pygmy Possum,Mammal
./video/animalkingdom/FCSYONBD.mp4,Walking,Malayan Porcupine,Mammal
./video/animalkingdom/HTEDJRAC.mp4,Running,White Nosed Coati,Mammal
./video/animalkingdom/IBNUKAMC.mp4,Walking,Lion,Mammal
./video/animalkingdom/AXZDBXGD.mp4,Running,Horse,Mammal
./video/animalkingdom/XWBEYTHG.mp4,Exploring,Giant Ground Pangolin,Mammal
./video/animalkingdom/BMBRTUDX.mp4,Running,Cheetah,Mammal
./video/animalkingdom/ETRDYFFP.mp4,Walking,Pangolin,Mammal
./video/animalkingdom/OVUTTNPL.mp4,Attending,Squirrel,Mammal
./video/animalkingdom/QBWWRNBD.mp4,Walking,Elephant,Mammal
./video/animalkingdom/MLBDOMYV.mp4,Eating,Mountain Gorilla,Mammal
./video/animalkingdom/EYEOZNSU.mp4,Walking,Hyena,Mammal
./video/animalkingdom/WJDMZBQT.mp4,Eating,Raffles Banded Langur,Mammal
./video/animalkingdom/XWEVERAC.mp4,Walking,Tamandua,Mammal
./video/animalkingdom/HYSOWTCN.mp4,Sensing,Horse Young,Mammal
./video/animalkingdom/ZMMKTXGD.mp4,Sensing,Horse,Mammal
./video/animalkingdom/FDAUHFJG.mp4,Exploring,Sambar Deer,Mammal
./video/animalkingdom/BDJKOTCN.mp4,Eating,Horse Young,Mammal
./video/animalkingdom/WKPGVEBY.mp4,Keeping still,Fox,Mammal
./video/animalkingdom/GNBTWWZF.mp4,Jumping,Bighorn Sheep,Mammal
./video/animalkingdom/XSKHAVYU.mp4,Attending,Leopard,Mammal
./video/animalkingdom/USVYLTEK.mp4,Walking,Boar,Mammal
./video/animalkingdom/ZLNBTVYU.mp4,Walking,Leopard,Mammal
./video/animalkingdom/WGNIZTEK.mp4,Attending,Red Ruffed Lemur,Mammal
./video/animalkingdom/BZPMRBQT.mp4,Climbing,Raffles Banded Langur,Mammal
./video/animalkingdom/JANSXAMC.mp4,Walking,Lion Young,Mammal
./video/animalkingdom/GDSMBCEI.mp4,Sensing,Chimpanzee,Mammal
./video/animalkingdom/VRMNJFGA.mp4,Running,Wildebeest,Mammal
./video/animalkingdom/URQLVICI.mp4,Keeping still,Cheetah,Mammal
./video/animalkingdom/QQGNTNJC.mp4,Attending,Chimpanzee,Mammal
./video/animalkingdom/RKCNXCNX.mp4,Exploring,Wolf,Mammal
./video/animalkingdom/HHASQVYU.mp4,Attending,Leopard,Mammal
./video/animalkingdom/OYFADXGD.mp4,Running,Horse,Mammal
./video/animalkingdom/JBUDBLQI.mp4,Sensing,Rhesus Macaque,Mammal
./video/animalkingdom/EUFMXDSN.mp4,Walking,Buffalo,Mammal
./video/animalkingdom/LCXPRXGD.mp4,Running,Horse,Mammal
./video/animalkingdom/AQMNPCEI.mp4,Eating,Chimpanzee,Mammal
./video/animalkingdom/KBLULIMN.mp4,Sensing,Asiatic Golden Cat,Mammal
./video/animalkingdom/HZKMKTEK.mp4,Sensing,Sri Lankan Leopard,Mammal
./video/animalkingdom/NMIJWBQT.mp4,Exploring,Plantain Squirrel,Mammal
./video/animalkingdom/ZHXSIKTR.mp4,Keeping still,Mouse,Mammal
./video/animalkingdom/WZNVOFFP.mp4,Running,Maroon Macaque,Mammal
./video/animalkingdom/SWFHVBQT.mp4,Jumping,Plantain Squirrel,Mammal
./video/animalkingdom/ETBWOXGD.mp4,Eating,Kangaroo,Mammal
./video/animalkingdom/UFUVMFKM.mp4,Running,Meerkat,Mammal
./video/animalkingdom/NFNRDNPL.mp4,Sensing,Grey Langur,Mammal
./video/animalkingdom/DOBKLXGD.mp4,Sensing,Kangaroo,Mammal
./video/animalkingdom/OGDNWUPH.mp4,Eating,Squirrel,Mammal
./video/animalkingdom/JWCALFGA.mp4,Running,Caribou,Mammal
./video/animalkingdom/ZSXHCTEK.mp4,Eating,White-Faced Saki Monkey,Mammal
./video/animalkingdom/CZGHEEZZ.mp4,Keeping still,Spotted Deer,Mammal
./video/animalkingdom/TDFQQVMP.mp4,Sensing,Beaver,Mammal
./video/animalkingdom/RPGXNFFP.mp4,Sensing,Maroon Macaque,Mammal
./video/animalkingdom/LGDRCXGD.mp4,Walking,Horse,Mammal
./video/animalkingdom/WMWBCBQT.mp4,Eating,Raffles Banded Langur,Mammal
./video/animalkingdom/QKVPFSMJ.mp4,Walking,Elephant,Mammal
./video/animalkingdom/XAJSPKEW.mp4,Running,Pika,Mammal
./video/animalkingdom/GGCFQAMC.mp4,Walking,Lion Young,Mammal
./video/animalkingdom/IXNCPBQT.mp4,Eating,Greater Mouse Deer,Mammal
./video/animalkingdom/JSLWGVMS.mp4,Eating,Boar,Mammal
./video/animalkingdom/UHYALUDX.mp4,Walking,Elephant,Mammal
./video/animalkingdom/LGGKHXGD.mp4,Keeping still,Horse,Mammal
./video/animalkingdom/UJKVXRAC.mp4,Running,White Nosed Coati,Mammal
./video/animalkingdom/ZPPZGJDE.mp4,Walking,Chimpanzee,Mammal
./video/animalkingdom/PNPPXFFP.mp4,Attending,Maroon Macaque,Mammal
./video/animalkingdom/HERLMFYY.mp4,Keeping still,Otter,Mammal
./video/animalkingdom/VAWMAXGD.mp4,Running,Horse,Mammal
./video/animalkingdom/JLYEQDSN.mp4,Running,Snow Leopard,Mammal
./video/animalkingdom/SCVQGAMC.mp4,Keeping still,Lion,Mammal
./video/animalkingdom/BTCQJCNX.mp4,Eating,Wolf,Mammal
./video/animalkingdom/GHROHCEI.mp4,Walking,Chimpanzee,Mammal
./video/animalkingdom/FJDFAFJG.mp4,Walking,Elephant,Mammal
./video/animalkingdom/GDATEKEW.mp4,Jumping,Stoat,Mammal
./video/animalkingdom/DSUIJEBY.mp4,Walking,Fox,Mammal
./video/animalkingdom/DBBCFXGD.mp4,Eating,Mountain Pygmy Possum,Mammal
./video/animalkingdom/SMWZDBQT.mp4,Exploring,Mouse Deer,Mammal
./video/animalkingdom/KUJTRXGD.mp4,Walking,Echina,Mammal
./video/animalkingdom/CDUOEEBY.mp4,Jumping,Fox,Mammal
./video/animalkingdom/YHLTVFFP.mp4,Sensing,Maroon Macaque,Mammal
./video/animalkingdom/BKHMIBQT.mp4,Eating,Raffles Banded Langur,Mammal
./video/animalkingdom/HWKCZAMC.mp4,Walking,Lion Young,Mammal
./video/animalkingdom/HYSYZRAC.mp4,Running,Jaguarundi Cat,Mammal
./video/animalkingdom/HSUJYUDX.mp4,Walking,Elephant,Mammal
./video/animalkingdom/LXTFLBQT.mp4,Eating,Greater Mouse Deer,Mammal
./video/animalkingdom/KAFGDXGD.mp4,Running,Dog,Mammal
./video/animalkingdom/WIECTBQT.mp4,Eating,Plantain Squirrel,Mammal
./video/animalkingdom/MYULDHGA.mp4,Keeping still,African Oryx,Mammal
./video/animalkingdom/ZSGUXGCS.mp4,Walking,Elephant,Mammal
./video/animalkingdom/XIKWDBQT.mp4,Attending,Raffles Banded Langur,Mammal
./video/animalkingdom/DTRVTBQT.mp4,Jumping,Plantain Squirrel,Mammal
./video/animalkingdom/RKOTNQCN.mp4,Walking,Ibex,Mammal
./video/animalkingdom/LVPJORAC.mp4,Climbing,Red-Blacked Squirrel Monkey,Mammal
./video/animalkingdom/WZUCGUDX.mp4,Walking,Leopard,Mammal
./video/animalkingdom/VGIJTBQT.mp4,Climbing,Raffles Banded Langur,Mammal
./video/animalkingdom/XSSZNKEW.mp4,Keeping still,Cheetah,Mammal
./video/animalkingdom/IKHFZKEW.mp4,Jumping,Pika,Mammal
./video/animalkingdom/UZTFSTEK.mp4,Walking,Red-Ruffed Lemur,Mammal
./video/animalkingdom/NKLFRXGD.mp4,Eating,Horse,Mammal
./video/animalkingdom/VGILMXGD.mp4,Walking,Horse,Mammal
./video/animalkingdom/FDMRPQCN.mp4,Walking,Ibex,Mammal
./video/animalkingdom/KVBIUKEW.mp4,Running,Giraffe,Mammal
./video/animalkingdom/LYOGLTEK.mp4,Sensing,Sri Lankan Leopard,Mammal
./video/animalkingdom/VIXWZXGD.mp4,Running,Horse,Mammal
./video/animalkingdom/MHBEUFFP.mp4,Sensing,Otter,Mammal
./video/animalkingdom/EJFJZBQT.mp4,Climbing,Raffles Banded Langur,Mammal
./video/animalkingdom/SYNHLDSN.mp4,Jumping,Jaculus Jaculus,Mammal
./video/animalkingdom/TSDFHTCN.mp4,Eating,Horse Young,Mammal
./video/animalkingdom/NCCFSUDX.mp4,Attending,Elephant,Mammal
./video/animalkingdom/DMUGQRAC.mp4,Walking,Jaguarundi Cat,Mammal
./video/animalkingdom/DTPPSDSN.mp4,Sensing,Cheetah,Mammal
./video/animalkingdom/RMDLHXGD.mp4,Eating,Kangaroo,Mammal
./video/animalkingdom/VBOQPBQT.mp4,Sensing,Raffles Banded Langur,Mammal
./video/animalkingdom/GAGRMQCN.mp4,Sensing,Ibex,Mammal
./video/animalkingdom/JVSXIEBY.mp4,Jumping,Fox,Mammal
./video/animalkingdom/JCXLVVMS.mp4,Eating,Greater Mouse Deer,Mammal
./video/animalkingdom/WAUTGCNX.mp4,Walking,Wolf,Mammal
./video/animalkingdom/HZYMLXGD.mp4,Climbing,Kangaroo Young,Mammal
./video/animalkingdom/CREJWFGA.mp4,Walking,Wolf,Mammal
./video/animalkingdom/KLBVVDSN.mp4,Attending,Buffalo,Mammal
./video/animalkingdom/NFZVFXGD.mp4,Sensing,Horse,Mammal
./video/animalkingdom/ROMNANPL.mp4,Sensing,Grey Langur,Mammal
./video/animalkingdom/KCTAKXGD.mp4,Walking,Horse,Mammal
./video/animalkingdom/NKSXJNSU.mp4,Sensing,Hyena,Mammal
./video/animalkingdom/TDRKZBME.mp4,Walking,Horse,Mammal
./video/animalkingdom/YFQALQCN.mp4,Walking,Ibex,Mammal
./video/animalkingdom/ABFLNBQT.mp4,Attending,Raffles Banded Langur,Mammal
./video/animalkingdom/YYNJITEK.mp4,Sensing,Red-Ruffed Lemur,Mammal
./video/animalkingdom/EPSKNAMC.mp4,Sensing,Lion Young,Mammal
./video/animalkingdom/LYHBZUXS.mp4,Eating,Zebra,Mammal
./video/animalkingdom/PVZDDTEK.mp4,Eating,Panda,Mammal
./video/animalkingdom/OPGLJNPL.mp4,Exploring,Grey Langur,Mammal
./video/animalkingdom/DVJQEXGD.mp4,Running,Horse,Mammal
./video/animalkingdom/AMZSRXGD.mp4,Running,Horse,Mammal
./video/animalkingdom/VHSVBMHZ.mp4,Eating,Horse Young,Mammal
./video/animalkingdom/CQCWGBQT.mp4,Sensing,Raffles Banded Langur,Mammal
./video/animalkingdom/KUZYPXGD.mp4,Sensing,Dog,Mammal
./video/animalkingdom/UHTDGCNX.mp4,Sensing,Wolf,Mammal
./video/animalkingdom/RGVNRXGD.mp4,Walking,Echina,Mammal
./video/animalkingdom/YOBUDFYY.mp4,Attending,Otter,Mammal
./video/animalkingdom/VKWTNGCS.mp4,Running,Elephant,Mammal
./video/animalkingdom/IKMMYXGD.mp4,Keeping still,Horse,Mammal
./video/animalkingdom/ZSIDUGCS.mp4,Attending,Leopard,Mammal
./video/animalkingdom/YEYILXGD.mp4,Walking,Dog,Mammal
./video/animalkingdom/MXBIEAMC.mp4,Attending,Lion,Mammal
./video/animalkingdom/QZFWCXGD.mp4,Eating,Horse,Mammal
./video/animalkingdom/ODJSHFFP.mp4,Climbing,Maroon Macaque,Mammal
./video/animalkingdom/DZDUNSMJ.mp4,Walking,Mandrill,Mammal
./video/animalkingdom/VSMYFUDX.mp4,Walking,Cheetah,Mammal
./video/animalkingdom/SHELYVMS.mp4,Eating,Greater Mouse Deer,Mammal
./video/animalkingdom/NJGOYRAC.mp4,Walking,Coyote,Mammal
./video/animalkingdom/HFGASFGA.mp4,Walking,Elephant,Mammal
./video/animalkingdom/DEZCRTHG.mp4,Walking,Red River Hog,Mammal
./video/animalkingdom/RNHWUNPO.mp4,Running,Hyena,Mammal
./video/animalkingdom/DXYHSUDX.mp4,Walking,Cheetah,Mammal
./video/animalkingdom/MRFFJFKM.mp4,Attending,Meerkat,Mammal
./video/animalkingdom/GECZMXGD.mp4,Walking,Horse,Mammal
./video/animalkingdom/XRTWVFGA.mp4,Walking,Wolf,Mammal
./video/animalkingdom/KPYNGXDO.mp4,Walking,Buffalo,Mammal
./video/animalkingdom/URYQZFGA.mp4,Walking,Caribou,Mammal
./video/animalkingdom/KJAYYAMC.mp4,Walking,Lion Young,Mammal
./video/animalkingdom/YNKRCRAC.mp4,Walking,Racoon,Mammal
./video/animalkingdom/DVURAAMC.mp4,Walking,Lion Young,Mammal
./video/animalkingdom/WMOQCKEW.mp4,Eating,Rabbit,Mammal
./video/animalkingdom/FWVWMKEW.mp4,Walking,Giraffe,Mammal
./video/animalkingdom/LLPFEXGD.mp4,Walking,Horse,Mammal
./video/animalkingdom/FWCJKVMS.mp4,Eating,Greater Mouse Deer,Mammal
./video/animalkingdom/TQMAIUDX.mp4,Walking,Leopard,Mammal
./video/animalkingdom/JAMOABQT.mp4,Attending,Raffles Banded Langur,Mammal
./video/animalkingdom/WRQLLBQT.mp4,Eating,Raffles Banded Langur,Mammal
./video/animalkingdom/OIIHYQCN.mp4,Climbing,Ibex,Mammal
./video/animalkingdom/SMXLGRLL.mp4,Eating,Mouse,Mammal
./video/animalkingdom/MJCBMTEK.mp4,Sensing,Gibbon,Mammal
./video/animalkingdom/QAQUUXGD.mp4,Running,Horse,Mammal
./video/animalkingdom/SVNPCCNX.mp4,Exploring,Wolf,Mammal
./video/animalkingdom/TVCUTBQT.mp4,Exploring,Greater Mouse Deer,Mammal
./video/animalkingdom/KTVRNKEW.mp4,Jumping,Stoat,Mammal
./video/animalkingdom/BUKNBBQT.mp4,Eating,Plantain Squirrel,Mammal
./video/animalkingdom/QLZLPVMP.mp4,Eating,Coyote,Mammal
./video/animalkingdom/WZKHHCNX.mp4,Walking,Wolf,Mammal
./video/animalkingdom/PIDCPXGD.mp4,Keeping still,Horse,Mammal
