video_path,action,species,parent_class
video\AAOYRUDX.mp4,Walking,Elephant,Mammal
video\AAUQSVYU.mp4,Walking,Leopard,Mammal
video\ABFLNBQT.mp4,Attending,Raffles Banded Langur,Mammal
video\ABNMGXGD.mp4,Eating,Horse,Mammal
video\ADAACXGD.mp4,Running,Horse,Mammal
video\ADPMWRAC.mp4,Sensing,Jaguarundi Cat,Mammal
video\AEHRLGCS.mp4,Walking,Giraffe,Mammal
video\AELXQBME.mp4,Running,Horse,Mammal
video\AEQVOUDX.mp4,Walking,Elephant,Mammal
video\AEZTBKEW.mp4,Keeping still,Rabbit,Mammal
video\AFIQFBQT.mp4,Keeping still,Bat,Mammal
video\AFLPRFGA.mp4,Running,Wild Dog,Mammal
video\AGELRXDO.mp4,Walking,Tiger,Mammal
video\AHAEZVYU.mp4,Walking,Leopard,Mammal
video\AHCNIRAC.mp4,Running,White Nosed Coati,Mammal
video\AIEPABQT.mp4,Jumping,Raffles Banded Langur,Mammal
video\AITARXDO.mp4,Walking,Zebra,Mammal
video\AJCINFGA.mp4,Walking,Caribou,Mammal
video\AJGHONSU.mp4,Walking,Hyena,Mammal
video\AJWSYUDX.mp4,Running,Cheetah,Mammal
video\AKCLZBQT.mp4,Eating,Otter,Mammal
video\AKERJNSU.mp4,Sensing,Hyena,Mammal
video\AKXVOXGD.mp4,Eating,Horse,Mammal
video\AMCTZTHG.mp4,Jumping,Lesser Spot Nosed Monkey,Mammal
video\AMDKPEQQ.mp4,Sensing,Sloth,Mammal
video\AMVCDFGA.mp4,Walking,Polar Bear,Mammal
video\AMZSRXGD.mp4,Running,Horse,Mammal
video\ANVGYRAC.mp4,Running,White Nosed Coati,Mammal
video\ANVSTEUL.mp4,Keeping still,African Wild Boar,Mammal
video\AOBXIFGA.mp4,Walking,Polar Bear,Mammal
video\AOZWOKEW.mp4,Running,Pika,Mammal
video\APDAFUPH.mp4,Eating,Chamois Goat Antelope,Mammal
video\AQMNPCEI.mp4,Eating,Chimpanzee,Mammal
video\AQXRTRAC.mp4,Walking,White Nosed Coati,Mammal
video\ARELNVYU.mp4,Walking,Leopard,Mammal
video\ARXXWUDX.mp4,Walking,Elephant,Mammal
video\ATKVVFFP.mp4,Running,Otter,Mammal
video\ATMATAMC.mp4,Walking,Lion,Mammal
video\ATRFLUDX.mp4,Walking,Cheetah,Mammal
video\AUHJYBQT.mp4,Walking,Pangolin,Mammal
video\AVDZYRAC.mp4,Jumping,Red-Blacked Squirrel Monkey,Mammal
video\AXMSEBQT.mp4,Eating,Plantain Squirrel,Mammal
video\AXQNBRAC.mp4,Walking,Tamandua,Mammal
video\AXRCVHGA.mp4,Attending,Meerkat,Mammal
video\AXZDBXGD.mp4,Running,Horse,Mammal
video\AYJBKXGD.mp4,Running,Horse,Mammal
video\AZFKGBQT.mp4,Keeping still,Raffles Banded Langur,Mammal
video\AZJDCNBD.mp4,Keeping still,Sambar Deer,Mammal
video\AZKGTXGD.mp4,Eating,Kangaroo,Mammal
video\AZNCEFGA.mp4,Walking,Wolf,Mammal
video\BAAOFDFC.mp4,Walking,Cow,Mammal
video\BAOEEXDO.mp4,Walking,Tiger,Mammal
video\BCNECXGD.mp4,Sensing,Horse,Mammal
video\BCRMLRAC.mp4,Walking,Jaguarundi Cat,Mammal
video\BDJKOTCN.mp4,Eating,Horse Young,Mammal
video\BDPCQXGD.mp4,Eating,Horse,Mammal
video\BDRBLXGD.mp4,Sensing,Horse,Mammal
video\BDZOOUDX.mp4,Running,Cheetah,Mammal
video\BEQEFNPL.mp4,Jumping,Squirrel,Mammal
video\BERFBXGD.mp4,Running,Horse,Mammal
video\BERIIXGD.mp4,Running,Horse,Mammal
video\BFLIAVMS.mp4,Eating,Greater Mouse Deer,Mammal
video\BFRBZXGD.mp4,Running,Horse,Mammal
video\BGDXIHGA.mp4,Attending,Coati,Mammal
video\BGWLXICI.mp4,Walking,Cheetah,Mammal
video\BHIXVIMN.mp4,Walking,Sumatran Hog Badger,Mammal
video\BHSJGBQT.mp4,Eating,Plantain Squirrel,Mammal
video\BHYFNSMJ.mp4,Walking,Marshbuck,Mammal
video\BKHMIBQT.mp4,Eating,Raffles Banded Langur,Mammal
video\BKZSLUDX.mp4,Walking,African Oryx,Mammal
video\BKZWMUDX.mp4,Walking,Elephant,Mammal
video\BLUEYBQT.mp4,Jumping,Raffles Banded Langur,Mammal
video\BLWNMRAC.mp4,Walking,Jaguarundi Cat,Mammal
video\BLXHYXGD.mp4,Running,Horse,Mammal
video\BMBRTUDX.mp4,Running,Cheetah,Mammal
video\BMLXIQCN.mp4,Jumping,Ibex,Mammal
video\BRAOUNSU.mp4,Sensing,Hyena,Mammal
video\BRFICAMC.mp4,Walking,Lion,Mammal
video\BSVBMVMS.mp4,Eating,Boar,Mammal
video\BTCQJCNX.mp4,Eating,Wolf,Mammal
video\BTVKSBQT.mp4,Eating,Raffles Banded Langur,Mammal
video\BUISCDSN.mp4,Running,Desert Fox,Mammal
video\BUKNBBQT.mp4,Eating,Plantain Squirrel,Mammal
video\BVGMYKEW.mp4,Jumping,Stoat,Mammal
video\BVWLMXGD.mp4,Walking,Horse,Mammal
video\BWCJIRAC.mp4,Walking,Tamandua,Mammal
video\BWLFAFGA.mp4,Walking,Wolf,Mammal
video\BWPFNMYV.mp4,Keeping still,Mountain Gorilla,Mammal
video\BXBRADSN.mp4,Walking,Cheetah,Mammal
video\BXBXBUDX.mp4,Walking,Cheetah,Mammal
video\BYPZMFGA.mp4,Keeping still,Wildebeest,Mammal
video\BZFOLEZZ.mp4,Attending,Jackal,Mammal
video\BZWVJNSU.mp4,Running,Hyena,Mammal
video\CABQECNX.mp4,Walking,Wolf,Mammal
video\CAZKQXGD.mp4,Running,Horse,Mammal
video\CAZTCEBY.mp4,Sensing,Fox,Mammal
video\CBPNVFGA.mp4,Walking,Wildebeest,Mammal
video\CCKWWDSN.mp4,Walking,Markhor Goat,Mammal
video\CDHUDUDX.mp4,Walking,Cheetah,Mammal
video\CEBOCNPL.mp4,Eating,Squirrel,Mammal
video\CEIKSPIF.mp4,Attending,Grizzly Bear,Mammal
video\CEMIIXGD.mp4,Walking,Horse,Mammal
video\CGBRGVYU.mp4,Sensing,Leopard,Mammal
video\CGIQFVMP.mp4,Walking,Moose,Mammal
video\CGYOREBY.mp4,Eating,Fox,Mammal
video\CHRNUAMC.mp4,Sensing,Lion,Mammal
video\CITKIRAC.mp4,Walking,Capuchin Monkey,Mammal
video\CIWHUXGD.mp4,Eating,Horse,Mammal
video\CJJNTNPL.mp4,Eating,Squirrel,Mammal
video\CJOCVEBY.mp4,Sensing,Fox,Mammal
video\CKFVZXGD.mp4,Attending,Dog,Mammal
video\CKNJJBQT.mp4,Eating,Plantain Squirrel,Mammal
video\CKVQKNJC.mp4,Eating,Monkey,Mammal
video\CLDNLAMC.mp4,Sensing,Lion Young,Mammal
video\CLVFXBQT.mp4,Eating,Raffles Banded Langur,Mammal
video\CLYFEFKM.mp4,Keeping still,Meerkat,Mammal
video\CNNJIBQT.mp4,Jumping,Raffles Banded Langur,Mammal
video\CNUZUHGA.mp4,Walking,Cheetah,Mammal
video\COFRYBQT.mp4,Attending,Lesser Mousedeer,Mammal
video\COPCOXGD.mp4,Walking,Horse,Mammal
video\COQKMVYU.mp4,Attending,Leopard,Mammal
video\COWCRRLL.mp4,Attending,Mouse,Mammal
video\COYLUXGD.mp4,Walking,Horse,Mammal
video\CPOBLXGD.mp4,Sensing,Fox,Mammal
video\CQCWGBQT.mp4,Sensing,Raffles Banded Langur,Mammal
video\CREJWFGA.mp4,Walking,Wolf,Mammal
video\CSONVXGD.mp4,Jumping,Rabbit,Mammal
video\CSTTXXGD.mp4,Running,Horse,Mammal
video\CTRMJPIF.mp4,Walking,Polar Bear,Mammal
video\CUACAXGD.mp4,Running,Horse,Mammal
video\CUKQYVMW.mp4,Walking,Mouse,Mammal
video\CWDMGCEI.mp4,Eating,Chimpanzee,Mammal
video\CWLZEQCN.mp4,Walking,Ibex,Mammal
video\CXDJFXGD.mp4,Running,Horse,Mammal
video\CYPGOBME.mp4,Eating,Horse,Mammal
video\CZRSPDPR.mp4,Walking,Anteater,Mammal
video\CZXZAXGD.mp4,Walking,Mountain Pygmy Possum,Mammal
video\DABPQKEW.mp4,Running,Goat,Mammal
video\DAWAFGCS.mp4,Keeping still,Lion,Mammal
video\DBBCFXGD.mp4,Eating,Mountain Pygmy Possum,Mammal
video\DBMIBFFP.mp4,Sensing,Squirrel,Mammal
video\DCRKSUDX.mp4,Walking,Leopard,Mammal
video\DCXHQDSN.mp4,Running,Cheetah,Mammal
video\DDBBLRAC.mp4,Walking,Agouti,Mammal
video\DDEBABQT.mp4,Keeping still,Raffles Banded Langur,Mammal
video\DDSHFVYU.mp4,Walking,Leopard,Mammal
video\DDTEBBQT.mp4,Jumping,Raffles Banded Langur,Mammal
video\DEPOXNBD.mp4,Sensing,Binturong,Mammal
video\DEVMHVMS.mp4,Eating,Greater Mouse Deer,Mammal
video\DEZCRTHG.mp4,Walking,Red River Hog,Mammal
video\DGIRLTCN.mp4,Eating,Horse Young,Mammal
video\DGQFYFJG.mp4,Keeping still,Sambar Deer,Mammal
video\DGUKDBQT.mp4,Eating,Lesser Mousedeer,Mammal
video\DHGBLFGA.mp4,Walking,Wildebeest,Mammal
video\DHMLCBME.mp4,Walking,Horse,Mammal
video\DHRESNBD.mp4,Walking,Malayan Sun Bear,Mammal
video\DILOTWBC.mp4,Walking,Mongoose,Mammal
video\DJSSSXGD.mp4,Attending,Horse,Mammal
video\DJXQRUDX.mp4,Walking,Cheetah,Mammal
video\DKOETQCN.mp4,Walking,Ibex,Mammal
video\DLTMKBQT.mp4,Jumping,Plantain Squirrel,Mammal
video\DMUGQRAC.mp4,Walking,Jaguarundi Cat,Mammal
video\DMWDYKEW.mp4,Running,Pika,Mammal
video\DMWSNSMJ.mp4,Keeping still,Marshbuck,Mammal
video\DNAYBRAC.mp4,Running,White Nosed Coati,Mammal
video\DOBKLXGD.mp4,Sensing,Kangaroo,Mammal
video\DOTINFGA.mp4,Walking,Caribou,Mammal
video\DOWWVRAC.mp4,Running,Coyote,Mammal
video\DPJTTFGA.mp4,Running,Wildebeest,Mammal
video\DPNQDRAC.mp4,Walking,Ocelot,Mammal
video\DPOICXGD.mp4,Attending,Horse,Mammal
video\DQUXVTHG.mp4,Walking,Sooty Mangabey,Mammal
video\DQZODUPH.mp4,Eating,Squirrel,Mammal
video\DRFRXWBC.mp4,Running,Mongoose,Mammal
video\DRQFYFGA.mp4,Sensing,Orangutan,Mammal
video\DRQOSRAC.mp4,Walking,Nine Banded Armadillo,Mammal
video\DSDOQUDX.mp4,Keeping still,Gazelle,Mammal
video\DSODIBQT.mp4,Eating,Plantain Squirrel,Mammal
video\DSUCBXGD.mp4,Sensing,Kangaroo,Mammal
video\DSUIJEBY.mp4,Walking,Fox,Mammal
video\DTFWDRAC.mp4,Walking,Ocelot,Mammal
video\DTHOBFFP.mp4,Keeping still,Maroon Macaque,Mammal
video\DTPPSDSN.mp4,Sensing,Cheetah,Mammal
video\DTRVTBQT.mp4,Jumping,Plantain Squirrel,Mammal
video\DUOCPFFP.mp4,Running,Maroon Macaque,Mammal
video\DUVPOXGD.mp4,Walking,Horse,Mammal
video\DUZPVFGA.mp4,Running,Wild Dog,Mammal
video\DVFQTRAC.mp4,Running,White Nosed Coati,Mammal
video\DVJQEXGD.mp4,Running,Horse,Mammal
video\DVKDIRAC.mp4,Walking,Capuchin Monkey,Mammal
video\DVNMYKEW.mp4,Eating,Giraffe,Mammal
video\DVURAAMC.mp4,Walking,Lion Young,Mammal
video\DWJMZNSU.mp4,Attending,Hyena,Mammal
video\DWTKCFFP.mp4,Eating,Maroon Macaque,Mammal
video\DXFPBXGD.mp4,Attending,Horse,Mammal
video\DXIHBXGD.mp4,Running,Horse,Mammal
video\DXIJIRAC.mp4,Walking,White Nosed Coati,Mammal
video\DXNSEQCN.mp4,Walking,Ibex,Mammal
video\DXORPXGD.mp4,Eating,Horse,Mammal
video\DXYHSUDX.mp4,Walking,Cheetah,Mammal
video\DYTYOTCN.mp4,Keeping still,Horse Young,Mammal
video\DYYBXFYY.mp4,Attending,Otter,Mammal
video\DZDUNSMJ.mp4,Walking,Mandrill,Mammal
video\DZMSMUDX.mp4,Walking,Elephant,Mammal
video\EAMYQBME.mp4,Eating,Horse,Mammal
video\EAUTRBQT.mp4,Sensing,Greater Mouse Deer,Mammal
video\ECJSDXGD.mp4,Running,Horse,Mammal
video\ECVCYXGD.mp4,Running,Horse,Mammal
video\ECZKCXGD.mp4,Eating,Horse,Mammal
video\EDHHMXGD.mp4,Running,Dog,Mammal
video\EDXUUCNX.mp4,Walking,Wolf,Mammal
video\EFTEJFFP.mp4,Sensing,Maroon Macaque,Mammal
video\EFTITUDX.mp4,Walking,Cheetah,Mammal
video\EGGXREUL.mp4,Keeping still,Leopard,Mammal
video\EHNCNBQT.mp4,Attending,Raffles Banded Langur,Mammal
video\EHPITBQT.mp4,Eating,Raffles Banded Langur,Mammal
video\EJDUGBME.mp4,Eating,Horse,Mammal
video\EJEVNFJG.mp4,Keeping still,Sambar Deer,Mammal
video\EKEHXXGD.mp4,Eating,Kangaroo Young,Mammal
video\EKHVBTEK.mp4,Attending,Gibbon,Mammal
video\EKJNSBQT.mp4,Eating,Boar,Mammal
video\EKLRBBQT.mp4,Sensing,Raffles Banded Langur,Mammal
video\EKSOYTEK.mp4,Attending,Sri Lankan Leopard,Mammal
video\ELXOTSMJ.mp4,Walking,Elephant,Mammal
video\EMZDGVMS.mp4,Eating,Greater Mouse Deer,Mammal
video\ENLEURAC.mp4,Walking,Agouti,Mammal
video\EOMLOKEW.mp4,Sensing,Stoat,Mammal
video\EQDQKHGA.mp4,Walking,Lion,Mammal
video\ERLIEXDO.mp4,Walking,Lion,Mammal
video\ESJCMBME.mp4,Eating,Horse,Mammal
video\ESSNTDSN.mp4,Jumping,Jaculus Jaculus,Mammal
video\ETBWOXGD.mp4,Eating,Kangaroo,Mammal
video\ETRDYFFP.mp4,Walking,Pangolin,Mammal
video\EUFMXDSN.mp4,Walking,Buffalo,Mammal
video\EUKRNXGD.mp4,Walking,Dingo Dog,Mammal
video\EWNIPXGD.mp4,Eating,Horse,Mammal
video\EWZNSXGD.mp4,Walking,Wombat,Mammal
video\EXCAJRAC.mp4,Jumping,Red-Blacked Squirrel Monkey,Mammal
video\EXPXKXGD.mp4,Attending,Kangaroo,Mammal
video\EXYCJBQT.mp4,Attending,Raffles Banded Langur,Mammal
video\EYEOZNSU.mp4,Walking,Hyena,Mammal
video\FAACYUDX.mp4,Walking,African Oryx,Mammal
video\FAPEIBME.mp4,Walking,Horse,Mammal
video\FBBJSTEK.mp4,Walking,Boar,Mammal
video\FBCOFDSN.mp4,Attending,Snow Leopard,Mammal
video\FBQKWUDX.mp4,Walking,Elephant,Mammal
video\FBUZLRAC.mp4,Sensing,Red-Blacked Squirrel Monkey,Mammal
video\FCKGNXGD.mp4,Keeping still,Kangaroo,Mammal
video\FCSYONBD.mp4,Walking,Malayan Porcupine,Mammal
video\FDMRPQCN.mp4,Walking,Ibex,Mammal
video\FDVOPXGD.mp4,Running,Horse,Mammal
video\FDVPSRAC.mp4,Jumping,White Nosed Coati,Mammal
video\FDYRGRLL.mp4,Walking,Mouse,Mammal
video\FECPVTEK.mp4,Keeping still,Colugo,Mammal
video\FFEBKBQT.mp4,Attending,Greater Mouse Deer,Mammal
video\FGAQAXGD.mp4,Running,Horse,Mammal
video\FGNVWRAC.mp4,Running,Agouti,Mammal
video\FICOVGCS.mp4,Running,Elephant,Mammal
video\FILHMXGD.mp4,Walking,Horse,Mammal
video\FJABQEBY.mp4,Walking,Fox,Mammal
video\FJDFAFJG.mp4,Walking,Elephant,Mammal
video\FJXOQXGD.mp4,Eating,Mouse,Mammal
video\FKSLOHGA.mp4,Attending,Meerkat,Mammal
video\FKVXCXGD.mp4,Running,Horse,Mammal
video\FLBGMVYU.mp4,Walking,Leopard,Mammal
video\FMBISUDX.mp4,Walking,Leopard,Mammal
video\FNPLQCNX.mp4,Walking,Wolf,Mammal
video\FPBUQEZZ.mp4,Keeping still,Nilgai,Mammal
video\FQVLGQCN.mp4,Sensing,Ibex,Mammal
video\FQXIDUDX.mp4,Eating,Elephant,Mammal
video\FSCOZUDX.mp4,Attending,Cheetah,Mammal
video\FSRAFNPL.mp4,Keeping still,Squirrel,Mammal
video\FUBSLXGD.mp4,Running,Horse,Mammal
video\FUMBOFJG.mp4,Walking,Feas Muntjac,Mammal
video\FUMFEOQU.mp4,Walking,Anteater,Mammal
video\FUMVYIQR.mp4,Walking,Mongoose,Mammal
video\FVAAJXGD.mp4,Walking,Horse,Mammal
video\FWCJKVMS.mp4,Eating,Greater Mouse Deer,Mammal
video\FWVWMKEW.mp4,Walking,Giraffe,Mammal
video\FXLJUUDX.mp4,Walking,Elephant,Mammal
video\FYGPDRAC.mp4,Sensing,Red-Blacked Squirrel Monkey,Mammal
video\FYVUCVYU.mp4,Walking,Leopard,Mammal
video\FZIICKEW.mp4,Jumping,Pika,Mammal
video\FZVCBBQT.mp4,Jumping,Raffles Banded Langur,Mammal
video\GAGRMQCN.mp4,Sensing,Ibex,Mammal
video\GBTWSIKV.mp4,Sensing,Otter,Mammal
video\GCAXIXGD.mp4,Running,Horse,Mammal
video\GCCNECEI.mp4,Walking,Chimpanzee,Mammal
video\GCEGAUDX.mp4,Attending,Cheetah,Mammal
video\GCSFBNPL.mp4,Sensing,Squirrel,Mammal
video\GDFCYVYU.mp4,Eating,Leopard,Mammal
video\GDHUDBQT.mp4,Walking,Raffles Banded Langur,Mammal
video\GDSMBCEI.mp4,Sensing,Chimpanzee,Mammal
video\GECZMXGD.mp4,Walking,Horse,Mammal
video\GFXUUUDX.mp4,Walking,Elephant,Mammal
video\GGBSPBQT.mp4,Jumping,Lesser Mousedeer,Mammal
video\GGTIOXGD.mp4,Keeping still,Horse,Mammal
video\GHJKYBQT.mp4,Sensing,Otter,Mammal
video\GHMUWXGD.mp4,Jumping,Kangaroo,Mammal
video\GHROHCEI.mp4,Walking,Chimpanzee,Mammal
video\GIVJGXGD.mp4,Attending,Fox,Mammal
video\GKZXNIMN.mp4,Walking,Dholes,Mammal
video\GMAYMFGA.mp4,Walking,Wildebeest,Mammal
video\GMHMUNPL.mp4,Eating,Squirrel,Mammal
video\GNBCOCNX.mp4,Sensing,Wolf,Mammal
video\GNEUMTCN.mp4,Eating,Horse Young,Mammal
video\GNMCNCNX.mp4,Eating,Wolf,Mammal
video\GNNXLFFP.mp4,Walking,Maroon Macaque,Mammal
video\GNWELUPH.mp4,Walking,Chamois Goat Antelope,Mammal
video\GNYJZBQT.mp4,Walking,Pangolin,Mammal
video\GPBPWXGD.mp4,Eating,Horse,Mammal
video\GQKYNFYY.mp4,Eating,Otter,Mammal
video\GQPZXBME.mp4,Eating,Horse,Mammal
video\GQTPHUDX.mp4,Walking,Cheetah,Mammal
video\GRUCDFGA.mp4,Running,Wolf,Mammal
video\GSRHOXGD.mp4,Running,Horse,Mammal
video\GSVYUBQT.mp4,Eating,Plantain Squirrel,Mammal
video\GTKMUFFP.mp4,Sensing,Maroon Macaque,Mammal
video\GTPSJOXJ.mp4,Jumping,Beaver,Mammal
video\GUBXCXGD.mp4,Attending,Horse,Mammal
video\GUINTTCN.mp4,Walking,Horse Young,Mammal
video\GUVIGBME.mp4,Walking,Horse,Mammal
video\GWMRQXGD.mp4,Walking,Horse,Mammal
video\GWRPTXDO.mp4,Sensing,Wild Dog,Mammal
video\GXCJRKEW.mp4,Running,Stoat,Mammal
video\GXCSJXGD.mp4,Walking,Horse,Mammal
video\GXSFVXGD.mp4,Running,Horse,Mammal
video\HAIFDBQT.mp4,Eating,Plantain Squirrel,Mammal
video\HAJCSXGD.mp4,Running,Horse,Mammal
video\HAKTOBME.mp4,Eating,Horse,Mammal
video\HAZRRBQT.mp4,Jumping,Raffles Banded Langur,Mammal
video\HBVVGXGD.mp4,Eating,Horse,Mammal
video\HCDJRXGD.mp4,Running,Horse,Mammal
video\HCOWMEBY.mp4,Sensing,Fox,Mammal
video\HCPLXQCN.mp4,Sensing,Ibex,Mammal
video\HDEOCXGD.mp4,Eating,Horse,Mammal
video\HDGFVUDX.mp4,Walking,Cheetah,Mammal
video\HDULNFFP.mp4,Walking,Maroon Macaque,Mammal
video\HESZDXGD.mp4,Running,Horse,Mammal
video\HFEKNBQT.mp4,Jumping,Raffles Banded Langur,Mammal
video\HGDDETEK.mp4,Attending,White Tiger,Mammal
video\HGFEZRAC.mp4,Walking,Jaguarundi Cat,Mammal
video\HHASQVYU.mp4,Attending,Leopard,Mammal
video\HHDLXDPR.mp4,Sensing,Coyote,Mammal
video\HHUHSFGA.mp4,Running,Wildebeest,Mammal
video\HITMUBQT.mp4,Eating,Plantain Squirrel,Mammal
video\HJVDLICI.mp4,Keeping still,Cheetah,Mammal
video\HKTGJNPO.mp4,Walking,Lion,Mammal
video\HKVZTXGD.mp4,Walking,Horse,Mammal
video\HLBYHXGD.mp4,Eating,Kangaroo,Mammal
video\HLGTQNJC.mp4,Jumping,Deer,Mammal
video\HLJWHRAC.mp4,Walking,Tamandua,Mammal
video\HLMWBXGD.mp4,Running,Horse,Mammal
video\HMWPXDPR.mp4,Walking,Ocelot,Mammal
video\HNCJCKEW.mp4,Keeping still,Pika,Mammal
video\HNHAVXGD.mp4,Running,Horse,Mammal
video\HNJDOTHG.mp4,Walking,Red River Hog,Mammal
video\HOBGXXGD.mp4,Walking,Horse,Mammal
video\HOXJRNPL.mp4,Walking,Squirrel,Mammal
video\HPHCNTHG.mp4,Walking,Red River Hog,Mammal
video\HPHVJTCN.mp4,Sensing,Horse Young,Mammal
video\HPVZLFFP.mp4,Keeping still,Maroon Macaque,Mammal
video\HQIGZNPL.mp4,Keeping still,Squirrel,Mammal
video\HQPJACEI.mp4,Walking,Chimpanzee,Mammal
video\HQQASBQT.mp4,Walking,Otter,Mammal
video\HREWJTEK.mp4,Eating,Fishing Cat,Mammal
video\HRJQVUDX.mp4,Walking,Elephant,Mammal
video\HRLSKXGD.mp4,Eating,Mountain Pygmy Possum,Mammal
video\HRPDDXGD.mp4,Running,Horse,Mammal
video\HSUJYUDX.mp4,Walking,Elephant,Mammal
video\HTDYEXGD.mp4,Sensing,Horse,Mammal
video\HTEDJRAC.mp4,Running,White Nosed Coati,Mammal
video\HTKABXGD.mp4,Eating,Kangaroo,Mammal
video\HTVUFRSU.mp4,Running,Wolf,Mammal
video\HVEJFXGD.mp4,Attending,Horse,Mammal
video\HWKCZAMC.mp4,Walking,Lion Young,Mammal
video\HXNAZRAC.mp4,Sensing,Jaguarundi Cat,Mammal
video\HXNGQUDX.mp4,Walking,Lion,Mammal
video\HYGTXBQT.mp4,Sensing,Raffles Banded Langur,Mammal
video\HYSOWTCN.mp4,Sensing,Horse Young,Mammal
video\HYSYZRAC.mp4,Running,Jaguarundi Cat,Mammal
video\HZCZBBQT.mp4,Attending,Raffles Banded Langur,Mammal
video\HZKMKTEK.mp4,Sensing,Sri Lankan Leopard,Mammal
video\HZSBAVMP.mp4,Eating,Bison,Mammal
video\HZYULXGD.mp4,Running,Horse,Mammal
video\IAARQSMJ.mp4,Walking,Red River Hog,Mammal
video\IACDZXGD.mp4,Walking,Horse,Mammal
video\IAKDVEBY.mp4,Walking,Fox,Mammal
video\IAOVLTEK.mp4,Eating,Bornean Orangutan,Mammal
video\IBBJLBQT.mp4,Keeping still,Raffles Banded Langur,Mammal
video\IBNUKAMC.mp4,Walking,Lion,Mammal
video\IBOJVUDX.mp4,Walking,Cheetah,Mammal
video\IBTBNXGD.mp4,Eating,Kangaroo,Mammal
video\IBTSPUDX.mp4,Walking,Cheetah,Mammal
video\IBXIUKEW.mp4,Running,Pika,Mammal
video\ICCBOFGA.mp4,Walking,Wild Dog,Mammal
video\ICPFTUDX.mp4,Walking,Lion,Mammal
video\ICWMBAMC.mp4,Walking,Lion,Mammal
video\ICYKYXGD.mp4,Running,Horse,Mammal
video\IECYSLQI.mp4,Eating,Barking Deer,Mammal
video\IEEELRAC.mp4,Walking,Capuchin Monkey,Mammal
video\IEMAJDPR.mp4,Walking,Cougar,Mammal
video\IESWATEK.mp4,Walking,Malayan Tapir,Mammal
video\IEWNHBQT.mp4,Attending,Raffles Banded Langur,Mammal
video\IFUOAXGD.mp4,Jumping,Horse,Mammal
video\IGICSXGD.mp4,Running,Horse,Mammal
video\IIPXFNPO.mp4,Attending,Lion,Mammal
video\IJDTWXGD.mp4,Running,Horse,Mammal
video\IKHFZKEW.mp4,Jumping,Pika,Mammal
video\IKJGSTHG.mp4,Keeping still,Red River Hog,Mammal
video\IKMMYXGD.mp4,Keeping still,Horse,Mammal
video\IKSBHMYV.mp4,Walking,Gorilla,Mammal
video\IKTCNBQT.mp4,Jumping,Raffles Banded Langur,Mammal
video\ILHAUQCN.mp4,Walking,Ibex,Mammal
video\IMAQEICI.mp4,Keeping still,Cheetah,Mammal
video\IMJGORAC.mp4,Running,White Nosed Coati,Mammal
video\IOCXZWBC.mp4,Walking,Mongoose,Mammal
video\IONOCBQT.mp4,Sensing,Raffles Banded Langur,Mammal
video\IPUPXXDO.mp4,Eating,Hyena,Mammal
video\IPWPDQCN.mp4,Walking,Ibex,Mammal
video\ITFOVXGD.mp4,Attending,Kangaroo,Mammal
video\ITTWLFGA.mp4,Running,Wildebeest,Mammal
video\IUFMBXGD.mp4,Walking,Horse,Mammal
video\IUGCUFGA.mp4,Running,Wolf,Mammal
video\IULTCNBD.mp4,Sensing,Serow,Mammal
video\IUUGEXGD.mp4,Eating,Rabbit,Mammal
video\IUZEQEBY.mp4,Keeping still,Fox,Mammal
video\IVHZGXGD.mp4,Running,Horse,Mammal
video\IVIQTFJG.mp4,Walking,Malayan Tapir,Mammal
video\IWQOCNSU.mp4,Sensing,Hyena,Mammal
video\IWYCRUDX.mp4,Walking,Elephant,Mammal
video\IXNCPBQT.mp4,Eating,Greater Mouse Deer,Mammal
video\IXRBDXGD.mp4,Keeping still,Echina,Mammal
video\IXUEPHGA.mp4,Keeping still,Giraffe,Mammal
video\IXZQUXGD.mp4,Running,Horse,Mammal
video\IZFBNBQT.mp4,Attending,Colugo,Mammal
video\IZTMAXGD.mp4,Running,Horse,Mammal
video\JAMOABQT.mp4,Attending,Raffles Banded Langur,Mammal
video\JANSXAMC.mp4,Walking,Lion Young,Mammal
video\JARPYUDX.mp4,Walking,Cheetah,Mammal
video\JBUDBLQI.mp4,Sensing,Rhesus Macaque,Mammal
video\JCAWKUDX.mp4,Attending,Leopard,Mammal
video\JCXLVVMS.mp4,Eating,Greater Mouse Deer,Mammal
video\JDCETIMN.mp4,Attending,Sumatran Hog Badger,Mammal
video\JDRFJNPL.mp4,Eating,Squirrel,Mammal
video\JDZKXPIF.mp4,Sensing,Grizzly Bear,Mammal
video\JERMTICI.mp4,Keeping still,Cheetah,Mammal
video\JFLJCRAC.mp4,Walking,Ocelot,Mammal
video\JFUJBBQT.mp4,Sensing,Raffles Banded Langur,Mammal
video\JFUYFXGD.mp4,Running,Horse,Mammal
video\JGFOMSMJ.mp4,Walking,Elephant,Mammal
video\JGZIZFKM.mp4,Eating,Meerkat,Mammal
video\JHMHVUDX.mp4,Keeping still,Gazelle,Mammal
video\JIWWTNPL.mp4,Walking,Squirrel,Mammal
video\JJVTFXGD.mp4,Running,Horse,Mammal
video\JKGQQTEK.mp4,Walking,White Rhinoceros,Mammal
video\JLNEOBQT.mp4,Eating,Plantain Squirrel,Mammal
video\JLOUIFFP.mp4,Running,Maroon Macaque,Mammal
video\JLQYOXGD.mp4,Attending,Dog,Mammal
video\JMVZOTEK.mp4,Sensing,Red-Ruffed Lemur,Mammal
video\JNTVCXGD.mp4,Running,Horse,Mammal
video\JOBCMHGA.mp4,Attending,Meerkat,Mammal
video\JPLDNNPL.mp4,Running,Squirrel,Mammal
video\JPQWUBQT.mp4,Eating,Raffles Banded Langur,Mammal
video\JQJDZUXS.mp4,Eating,Zebra,Mammal
video\JQMSRHGA.mp4,Sensing,African Oryx,Mammal
video\JRDMQXGD.mp4,Attending,Horse,Mammal
video\JRYYFTEK.mp4,Sensing,Sri Lankan Leopard,Mammal
video\JSLWGVMS.mp4,Eating,Boar,Mammal
video\JSVJMBQT.mp4,Jumping,Raffles Banded Langur,Mammal
video\JTIIEFFP.mp4,Sensing,Maroon Macaque,Mammal
video\JUBEUAMC.mp4,Eating,Lion Young,Mammal
video\JVEGZUDX.mp4,Walking,Elephant,Mammal
video\JVGYLBQT.mp4,Eating,Raffles Banded Langur,Mammal
video\JVJFOQCN.mp4,Sensing,Ibex,Mammal
video\JVSXIEBY.mp4,Jumping,Fox,Mammal
video\JVTSBUDX.mp4,Walking,Elephant,Mammal
video\JWAKZXDO.mp4,Running,Rhinoceros,Mammal
video\JXJHLUDX.mp4,Walking,Wildebeest,Mammal
video\JYUOQXGD.mp4,Jumping,Kangaroo,Mammal
video\JZBQJTEK.mp4,Keeping still,Colugo,Mammal
video\JZFTRBQT.mp4,Keeping still,Raffles Banded Langur,Mammal
video\KAFGDXGD.mp4,Running,Dog,Mammal
video\KALJKICI.mp4,Keeping still,Cheetah,Mammal
video\KBLULIMN.mp4,Sensing,Asiatic Golden Cat,Mammal
video\KBSUZUDX.mp4,Walking,Elephant,Mammal
video\KCTAKXGD.mp4,Walking,Horse,Mammal
video\KCUXTXGD.mp4,Eating,Horse,Mammal
video\KDQETBME.mp4,Eating,Horse,Mammal
video\KDQLRTEK.mp4,Sensing,Proboscis Monkey,Mammal
video\KDTGIAMC.mp4,Sensing,Lion,Mammal
video\KEMLQDSN.mp4,Running,Wolf,Mammal
video\KFFUKUDX.mp4,Walking,African Oryx,Mammal
video\KGAYSDSN.mp4,Walking,Cheetah,Mammal
video\KGCKHVYU.mp4,Keeping still,Leopard,Mammal
video\KHQAYAMC.mp4,Walking,Lion,Mammal
video\KHRQBHGA.mp4,Walking,Giraffe,Mammal
video\KIANSCNX.mp4,Sensing,Wolf,Mammal
video\KIYNNTCN.mp4,Eating,Horse Young,Mammal
video\KIZGQEBY.mp4,Keeping still,Fox,Mammal
video\KJAYYAMC.mp4,Walking,Lion Young,Mammal
video\KJNBFBME.mp4,Eating,Horse,Mammal
video\KJNFUWBC.mp4,Running,Mongoose,Mammal
video\KJYIONJC.mp4,Attending,Gorilla,Mammal
video\KKOYXBQT.mp4,Sensing,Raffles Banded Langur,Mammal
video\KLAHEUDX.mp4,Walking,Cheetah,Mammal
video\KMNEHXGD.mp4,Running,Horse,Mammal
video\KNUFETHG.mp4,Attending,Campbells Monkey,Mammal
video\KOCQUXGD.mp4,Running,Horse,Mammal
video\KOMPORAC.mp4,Walking,Racoon,Mammal
video\KPHGKGCS.mp4,Walking,Giraffe,Mammal
video\KPKEXXGD.mp4,Running,Horse,Mammal
video\KPYPFFFP.mp4,Eating,Maroon Macaque,Mammal
video\KPZKHBQT.mp4,Jumping,Long Tailed Macaque,Mammal
video\KRJTGRSU.mp4,Walking,Wolf,Mammal
video\KRMPMTCN.mp4,Walking,Horse Young,Mammal
video\KRUUTVYU.mp4,Keeping still,Leopard,Mammal
video\KTVRNKEW.mp4,Jumping,Stoat,Mammal
video\KUHDJRAC.mp4,Walking,Agouti,Mammal
video\KUJTRXGD.mp4,Walking,Echina,Mammal
video\KUZYPXGD.mp4,Sensing,Dog,Mammal
video\KWGKFHGA.mp4,Keeping still,Meerkat,Mammal
video\KWMWGKEW.mp4,Walking,Goat,Mammal
video\KWWHLDPR.mp4,Walking,Ocelot,Mammal
video\KXARRBQT.mp4,Sensing,Raffles Banded Langur,Mammal
video\KXTAYXGD.mp4,Running,Horse,Mammal
video\KXVLSIMN.mp4,Walking,Sumatran Tiger,Mammal
video\KXXOVXGD.mp4,Walking,Horse,Mammal
video\KXZQYUDX.mp4,Walking,Cheetah,Mammal
video\KYTBXEBY.mp4,Keeping still,Fox,Mammal
video\KZYGEXGD.mp4,Jumping,Kangaroo,Mammal
video\LAHCUXGD.mp4,Running,Horse,Mammal
video\LBKQRVYU.mp4,Sensing,Leopard,Mammal
video\LBXJFTEK.mp4,Attending,White Tiger,Mammal
video\LCDTUAEY.mp4,Attending,Monkey,Mammal
video\LCJCXLQI.mp4,Walking,Seven Banded Civet,Mammal
video\LCNEONPO.mp4,Walking,Lion,Mammal
video\LCNNZBQT.mp4,Eating,Raffles Banded Langur,Mammal
video\LCNXSUDX.mp4,Walking,Cheetah,Mammal
video\LCRPXFFP.mp4,Eating,Maroon Macaque,Mammal
video\LCXPRXGD.mp4,Running,Horse,Mammal
video\LDTFJXGD.mp4,Walking,Dingo Dog,Mammal
video\LDUQPBQT.mp4,Jumping,Raffles Banded Langur,Mammal
video\LEFQMUDX.mp4,Walking,Elephant,Mammal
video\LERDTEUL.mp4,Attending,Leopard,Mammal
video\LFCVATHG.mp4,Sensing,Sooty Mangabey,Mammal
video\LFSGMCEI.mp4,Running,Chimpanzee,Mammal
video\LGDRCXGD.mp4,Walking,Horse,Mammal
video\LGGKHXGD.mp4,Keeping still,Horse,Mammal
video\LGTQDTEK.mp4,Walking,Otter,Mammal
video\LGYJLCNX.mp4,Sensing,Wolf,Mammal
video\LIBPIDPR.mp4,Walking,Anteater,Mammal
video\LISFKDSN.mp4,Walking,Cheetah,Mammal
video\LJHLIFJG.mp4,Sensing,Sumatran Serow,Mammal
video\LKAOYNSU.mp4,Sensing,Hyena,Mammal
video\LKEERFGA.mp4,Running,Wild Dog,Mammal
video\LKOKXFFP.mp4,Eating,Maroon Macaque,Mammal
video\LLBKRRAC.mp4,Walking,Agouti,Mammal
video\LLCDYDUS.mp4,Walking,Cattle,Mammal
video\LLLTKTHG.mp4,Sensing,Diana Monkey,Mammal
video\LLPFEXGD.mp4,Walking,Horse,Mammal
video\LMLAAUDX.mp4,Eating,Elephant,Mammal
video\LNCTHNJC.mp4,Running,Mouse,Mammal
video\LNCUKBQT.mp4,Walking,Pangolin,Mammal
video\LNKQREBY.mp4,Jumping,Fox,Mammal
video\LNWEUXGD.mp4,Sensing,Kangaroo,Mammal
video\LOGTJRAC.mp4,Walking,Capuchin Monkey,Mammal
video\LOJQOHGA.mp4,Walking,Lion,Mammal
video\LPPAIFJG.mp4,Eating,Feas Muntjac,Mammal
video\LQLZXXGD.mp4,Running,Horse,Mammal
video\LSKSGHGA.mp4,Keeping still,Coati,Mammal
video\LVXAOBQT.mp4,Jumping,Raffles Banded Langur,Mammal
video\LWCFLRSU.mp4,Keeping still,Wolf,Mammal
video\LWEPQNPO.mp4,Attending,Lion,Mammal
video\LXSJMUDX.mp4,Walking,Cheetah,Mammal
video\LXTFLBQT.mp4,Eating,Greater Mouse Deer,Mammal
video\LXWUWEBY.mp4,Jumping,Fox,Mammal
video\LYOGLTEK.mp4,Sensing,Sri Lankan Leopard,Mammal
video\LZFGSUDX.mp4,Walking,Cheetah,Mammal
video\LZKYWTEK.mp4,Sensing,Sumatran Orangutan,Mammal
video\MAIHTXGD.mp4,Walking,Horse,Mammal
video\MARMGBQT.mp4,Sensing,Otter,Mammal
video\MAZLYUDX.mp4,Eating,Wildebeest,Mammal
video\MBAMZXGD.mp4,Eating,Horse,Mammal
video\MBSJOFFP.mp4,Eating,Otter,Mammal
video\MDVTJSMJ.mp4,Walking,Elephant,Mammal
video\MESVDXGD.mp4,Walking,Platypus,Mammal
video\METEBRAC.mp4,Sensing,Capuchin Monkey,Mammal
video\METUJKTR.mp4,Attending,Mouse,Mammal
video\MEXEESMJ.mp4,Walking,Marshbuck,Mammal
video\MFKPITHG.mp4,Running,King Colobus,Mammal
video\MFWDSFFP.mp4,Sensing,Maroon Macaque,Mammal
video\MFZQOBME.mp4,Walking,Horse,Mammal
video\MGGHGFFP.mp4,Eating,Maroon Macaque,Mammal
video\MGMXSXGD.mp4,Running,Horse,Mammal
video\MHBEUFFP.mp4,Sensing,Otter,Mammal
video\MIAGSEZZ.mp4,Walking,Elephant,Mammal
video\MIHLVNSU.mp4,Walking,Hyena,Mammal
video\MJCBMTEK.mp4,Sensing,Gibbon,Mammal
video\MJGCPDPR.mp4,Eating,Capuchin Monkey,Mammal
video\MKGLZVYU.mp4,Walking,Leopard,Mammal
video\MKIRCRAC.mp4,Walking,White Nosed Coati,Mammal
video\MKRZQBQT.mp4,Attending,Raffles Banded Langur,Mammal
video\MLSTGQCN.mp4,Walking,Ibex,Mammal
video\MLUJSCNX.mp4,Walking,Wolf,Mammal
video\MMCUIZQJ.mp4,Walking,Otter,Mammal
video\MMEDYFGA.mp4,Walking,Wildebeest,Mammal
video\MMNFYBQT.mp4,Eating,Lesser Mousedeer,Mammal
video\MPNZGXGD.mp4,Eating,Kangaroo Young,Mammal
video\MQFMBVYU.mp4,Sensing,Leopard,Mammal
video\MQLOJRAC.mp4,Sensing,Capuchin Monkey,Mammal
video\MQNEXXGD.mp4,Eating,Horse,Mammal
video\MRFFJFKM.mp4,Attending,Meerkat,Mammal
video\MSBNPXGD.mp4,Running,Horse,Mammal
video\MSKRPXGD.mp4,Sensing,Mountain Pygmy Possum,Mammal
video\MSMZGBQT.mp4,Eating,Otter,Mammal
video\MTKZZUDX.mp4,Walking,Cheetah,Mammal
video\MTMPUHGA.mp4,Attending,Meerkat,Mammal
video\MTNNEXGD.mp4,Jumping,Kangaroo,Mammal
video\MTQRDXGD.mp4,Running,Horse,Mammal
video\MTTSAXGD.mp4,Walking,Horse,Mammal
video\MTUXTKEW.mp4,Running,Pika,Mammal
video\MVDCSFGA.mp4,Walking,Wild Dog,Mammal
video\MVKFRBQT.mp4,Sensing,Raffles Banded Langur,Mammal
video\MXBIEAMC.mp4,Attending,Lion,Mammal
video\MXNJHUDX.mp4,Walking,Leopard,Mammal
video\MYULDHGA.mp4,Keeping still,African Oryx,Mammal
video\MYVCSIQR.mp4,Sensing,Mongoose,Mammal
video\MYVPFUDX.mp4,Walking,Lion,Mammal
video\MYVSDBQT.mp4,Keeping still,Plantain Squirrel,Mammal
video\MZVYUTEK.mp4,Eating,Otter,Mammal
video\NBWFFMYV.mp4,Attending,Mountain Gorilla,Mammal
video\NCCFSUDX.mp4,Attending,Elephant,Mammal
video\NCTPFAMC.mp4,Walking,Lion,Mammal
video\NCVGQOXJ.mp4,Walking,Beaver,Mammal
video\NECEMXGD.mp4,Running,Horse,Mammal
video\NEHROXGD.mp4,Eating,Horse,Mammal
video\NEKEUXGD.mp4,Running,Horse,Mammal
video\NFFWWRAC.mp4,Sensing,Capuchin Monkey,Mammal
video\NFLLLRAC.mp4,Walking,Capuchin Monkey,Mammal
video\NFNRDNPL.mp4,Sensing,Grey Langur,Mammal
video\NFQWOXGD.mp4,Keeping still,Horse,Mammal
video\NFZVFXGD.mp4,Sensing,Horse,Mammal
video\NGIGDBQT.mp4,Sensing,Raffles Banded Langur,Mammal
video\NHCZKLQI.mp4,Sensing,Seven Banded Civet,Mammal
video\NHQVJXGD.mp4,Running,Horse,Mammal
video\NHRSVCEI.mp4,Eating,Chimpanzee,Mammal
video\NIDBVUDX.mp4,Attending,Lion,Mammal
video\NIFNJTEK.mp4,Eating,Panda,Mammal
video\NIFOXHGA.mp4,Keeping still,Meerkat,Mammal
video\NIOYNFFP.mp4,Eating,Otter,Mammal
video\NJBBBVMP.mp4,Eating,Wolf,Mammal
video\NJGOYRAC.mp4,Walking,Coyote,Mammal
video\NJLYVRAC.mp4,Running,White Nosed Coati,Mammal
video\NJXKURAC.mp4,Walking,Jaguarundi Cat,Mammal
video\NKHRBDSN.mp4,Jumping,Jaculus Jaculus,Mammal
video\NKLFRXGD.mp4,Eating,Horse,Mammal
video\NKSXJNSU.mp4,Sensing,Hyena,Mammal
video\NLFQXCNX.mp4,Walking,Wolf,Mammal
video\NLKRMTEK.mp4,Attending,Lion,Mammal
video\NLSLJNBD.mp4,Walking,Serow,Mammal
video\NMMLDVYU.mp4,Walking,Leopard,Mammal
video\NMUQPWBC.mp4,Running,Mongoose,Mammal
video\NNBDIXGD.mp4,Running,Mountain Pygmy Possum,Mammal
video\NNCQJRAC.mp4,Walking,Capuchin Monkey,Mammal
video\NNJYKXGD.mp4,Walking,Horse,Mammal
video\NNRHKNPL.mp4,Sensing,Squirrel,Mammal
video\NNVDQAMC.mp4,Walking,Lion Young,Mammal
video\NOATVBQT.mp4,Sensing,Raffles Banded Langur,Mammal
video\NOROBQRY.mp4,Sensing,Ring-Tailed Lemur,Mammal
video\NORPJXGD.mp4,Eating,Horse,Mammal
video\NPCPNBQT.mp4,Jumping,Plantain Squirrel,Mammal
video\NPOMTXDO.mp4,Running,Porcupine,Mammal
video\NPVOVAMC.mp4,Walking,Lion Young,Mammal
video\NQFDEFGA.mp4,Running,Wolf,Mammal
video\NQIEPAMC.mp4,Walking,Lion Young,Mammal
video\NQVKKXGD.mp4,Running,Horse,Mammal
video\NRQXYXGD.mp4,Running,Horse,Mammal
video\NRRIIRLL.mp4,Walking,Southern Grasshopper Mouse,Mammal
video\NSSAABQT.mp4,Eating,Otter,Mammal
video\NSZTGXGD.mp4,Keeping still,Horse,Mammal
video\NTBQUTEK.mp4,Eating,Malayan Flying Fox,Mammal
video\NTWBIDSN.mp4,Walking,Desert Fox,Mammal
video\NTXWJFFP.mp4,Eating,Slow Loris,Mammal
video\NUNUFNPL.mp4,Eating,Grey Langur,Mammal
video\NUWXWUDX.mp4,Walking,African Oryx,Mammal
video\NUYVYXGD.mp4,Attending,Kangaroo,Mammal
video\NWARGXGD.mp4,Walking,Horse,Mammal
video\NWCLHRAC.mp4,Sensing,Jaguarundi Cat,Mammal
video\NWLFHRAC.mp4,Walking,Ocelot,Mammal
video\NWLVKAMC.mp4,Sensing,Lion,Mammal
video\NWNYNTEK.mp4,Eating,Prevosts Squirrel,Mammal
video\NXAGCDPO.mp4,Sensing,Leopard,Mammal
video\NYKBOXGD.mp4,Running,Horse,Mammal
video\NYUDTUDX.mp4,Sensing,Cheetah,Mammal
video\NZLUPXGD.mp4,Running,Horse,Mammal
video\NZZLYXGD.mp4,Sensing,Mountain Pygmy Possum,Mammal
video\OADKNXGD.mp4,Eating,Horse,Mammal
video\OAIWHUDX.mp4,Walking,Elephant,Mammal
video\OATVXFGA.mp4,Keeping still,Wildebeest,Mammal
video\OBWOZTEK.mp4,Eating,Elephant,Mammal
video\OEDFGSMJ.mp4,Walking,Marshbuck,Mammal
video\OEMJZRAC.mp4,Eating,Agouti,Mammal
video\OEPLXTEK.mp4,Walking,Asian Lion,Mammal
video\OETLERAC.mp4,Keeping still,Agouti,Mammal
video\OEVLAFGA.mp4,Walking,Polar Bear,Mammal
video\OEXDWKEW.mp4,Running,Goat,Mammal
video\OGDNWUPH.mp4,Eating,Squirrel,Mammal
video\OGWWRBQT.mp4,Eating,Raffles Banded Langur,Mammal
video\OIWQUVYU.mp4,Walking,Leopard,Mammal
video\OIYUSXGD.mp4,Running,Horse,Mammal
video\OJJFUVMP.mp4,Walking,Coyote,Mammal
video\OJLZXXGD.mp4,Running,Horse,Mammal
video\OKPCSFGA.mp4,Walking,Wolf,Mammal
video\OLAMJEBY.mp4,Jumping,Fox,Mammal
video\OLSEQBME.mp4,Walking,Horse,Mammal
video\OMJAGXGD.mp4,Running,Horse,Mammal
video\ONGMGXGD.mp4,Eating,Horse,Mammal
video\OOBVGDSN.mp4,Walking,Desert Fox,Mammal
video\OOEXBBME.mp4,Running,Horse,Mammal
video\OOMTVRAC.mp4,Walking,Ocelot,Mammal
video\OOTCBXGD.mp4,Running,Dog,Mammal
video\OOYUYNPL.mp4,Eating,Squirrel,Mammal
video\OQQRVXGD.mp4,Eating,Dog,Mammal
video\OQVSLNPO.mp4,Jumping,Lion,Mammal
video\OQZEBNPL.mp4,Keeping still,Squirrel,Mammal
video\ORUORXGD.mp4,Keeping still,Horse,Mammal
video\OTYBJXGD.mp4,Walking,Horse,Mammal
video\OUISIXGD.mp4,Walking,Horse,Mammal
video\OVMDWBQT.mp4,Eating,Lesser Mousedeer,Mammal
video\OVSJMMYV.mp4,Eating,Mountain Gorilla,Mammal
video\OVUTTNPL.mp4,Attending,Squirrel,Mammal
video\OXAFQFKM.mp4,Attending,Meerkat,Mammal
video\OXTZINPL.mp4,Keeping still,Chimpanzee,Mammal
video\OYFADXGD.mp4,Running,Horse,Mammal
video\OYTJJBQT.mp4,Keeping still,Plantain Squirrel,Mammal
video\OZUVUXDO.mp4,Walking,Tiger,Mammal
video\OZVOPFGA.mp4,Walking,Polar Bear,Mammal
video\PADTKUPH.mp4,Sensing,Chamois Goat Antelope,Mammal
video\PANOKUDX.mp4,Walking,Elephant,Mammal
video\PAOHHBQT.mp4,Keeping still,Colugo,Mammal
video\PBCMFBME.mp4,Running,Horse,Mammal
video\PBSFMXGD.mp4,Running,Horse,Mammal
video\PBUELVYU.mp4,Sensing,Leopard,Mammal
video\PBUSSSMJ.mp4,Walking,Elephant,Mammal
video\PBXOORSU.mp4,Sensing,Wolf,Mammal
video\PCQUDFGA.mp4,Walking,Caribou,Mammal
video\PDKECQRY.mp4,Sensing,Ring-Tailed Lemur,Mammal
video\PEFRDXGD.mp4,Jumping,Kangaroo,Mammal
video\PELWMAMC.mp4,Eating,Lion,Mammal
video\PEUCLKEW.mp4,Running,Goat,Mammal
video\PFFKFNSU.mp4,Running,Hyena,Mammal
video\PFKNCBQT.mp4,Eating,Plantain Squirrel,Mammal
video\PFNWIXGD.mp4,Running,Horse,Mammal
video\PGIYTTEK.mp4,Eating,Malayan Flying Fox,Mammal
video\PGVCNFFP.mp4,Eating,Maroon Macaque,Mammal
video\PGVXPTHG.mp4,Sensing,African Civet,Mammal
video\PHIFDXGD.mp4,Running,Horse,Mammal
video\PHYBNVYU.mp4,Walking,Leopard,Mammal
video\PIDCPXGD.mp4,Keeping still,Horse,Mammal
video\PIHIPXGD.mp4,Jumping,Kangaroo,Mammal
video\PJGXYXGD.mp4,Walking,Horse,Mammal
video\PJWDFXGD.mp4,Running,Horse,Mammal
video\PKHBHNPL.mp4,Attending,Grey Langur,Mammal
video\PKSIICIN.mp4,Eating,Cow,Mammal
video\PKZEHUDX.mp4,Walking,Cheetah,Mammal
video\PLBZFBQT.mp4,Jumping,Raffles Banded Langur,Mammal
video\PLJYQXGD.mp4,Running,Horse,Mammal
video\PLMDRTEK.mp4,Sensing,Thamin Deer,Mammal
video\PMIKUXGD.mp4,Running,Horse,Mammal
video\PMJPUGCS.mp4,Walking,Giraffe,Mammal
video\PNPMLFFP.mp4,Keeping still,Maroon Macaque,Mammal
video\PNPPXFFP.mp4,Attending,Maroon Macaque,Mammal
video\PODPPRAC.mp4,Jumping,Coyote,Mammal
video\POERUXGD.mp4,Eating,Horse,Mammal
video\POGBPNPO.mp4,Running,Hyena,Mammal
video\POKCKFFP.mp4,Running,Otter,Mammal
video\POKMBRAC.mp4,Eating,White Nosed Coati,Mammal
video\POXHLBQT.mp4,Jumping,Raffles Banded Langur,Mammal
video\PPDOPXGD.mp4,Running,Mountain Pygmy Possum,Mammal
video\PPFMWTEK.mp4,Keeping still,Colugo,Mammal
video\PTASHBQT.mp4,Eating,Otter,Mammal
video\PTGENDSN.mp4,Walking,Snow Leopard,Mammal
video\PTJWOMHZ.mp4,Eating,Horse Young,Mammal
video\PUQMGXGD.mp4,Jumping,Kangaroo,Mammal
video\PVOJLWBC.mp4,Running,Mongoose,Mammal
video\PVZDDTEK.mp4,Eating,Panda,Mammal
video\PWBDJXGD.mp4,Sensing,Kangaroo,Mammal
video\PWIOWTCN.mp4,Walking,Horse Young,Mammal
video\PWJTIFGA.mp4,Running,Wild Dog,Mammal
video\PWQJMNPO.mp4,Walking,Hyena,Mammal
video\PXMMUEBY.mp4,Walking,Fox,Mammal
video\PXZENNJC.mp4,Attending,Chimpanzee,Mammal
video\PYDAKRAC.mp4,Running,White Nosed Coati,Mammal
video\PYJOVRAC.mp4,Sensing,Jaguarundi Cat,Mammal
video\PZNOHXGD.mp4,Running,Horse,Mammal
video\QAAVHTEK.mp4,Sensing,Gibbon,Mammal
video\QAHQCHGA.mp4,Attending,Meerkat,Mammal
video\QALVSNXN.mp4,Keeping still,Sea Otter,Mammal
video\QAQUUXGD.mp4,Running,Horse,Mammal
video\QARHHEBY.mp4,Jumping,Fox,Mammal
video\QAXWTUDX.mp4,Walking,Zebra,Mammal
video\QBDJVRAC.mp4,Keeping still,Agouti,Mammal
video\QCAEVPIF.mp4,Attending,Grizzly Bear,Mammal
video\QCXQVFGA.mp4,Walking,Caribou,Mammal
video\QDESMRAC.mp4,Sensing,Capuchin Monkey,Mammal
video\QDHDOTEK.mp4,Walking,Malayan Tapir,Mammal
video\QDLEGNPL.mp4,Walking,Chimpanzee,Mammal
video\QEIVEUDX.mp4,Walking,Elephant,Mammal
video\QELNMVYU.mp4,Attending,Leopard,Mammal
video\QESPGDPR.mp4,Walking,Cougar,Mammal
video\QFDGSVYU.mp4,Walking,Leopard,Mammal
video\QFEZTLQI.mp4,Attending,Barking Deer,Mammal
video\QFPOKNPL.mp4,Keeping still,Squirrel,Mammal
video\QFTPBKEW.mp4,Walking,Goat,Mammal
video\QFXYXRSU.mp4,Keeping still,Wolf,Mammal
video\QGEJIRAC.mp4,Walking,Jaguarundi Cat,Mammal
video\QITKRXGD.mp4,Running,Horse,Mammal
video\QJLKWUDX.mp4,Walking,African Oryx,Mammal
video\QKGRQXGD.mp4,Running,Horse,Mammal
video\QKHRSBQT.mp4,Sensing,Colugo,Mammal
video\QKPIAXGD.mp4,Walking,Horse,Mammal
video\QKQWHPIF.mp4,Walking,Polar Bear,Mammal
video\QKVPFSMJ.mp4,Walking,Elephant,Mammal
video\QKYHRTHG.mp4,Attending,Campbells Monkey,Mammal
video\QLPKUWZF.mp4,Jumping,Bighorn Sheep,Mammal
video\QLUYHRAC.mp4,Walking,Capuchin Monkey,Mammal
video\QLZLPVMP.mp4,Eating,Coyote,Mammal
video\QMXOUTEK.mp4,Attending,Red-Ruffed Lemur,Mammal
video\QNFPPBME.mp4,Running,Horse,Mammal
video\QNIZFUDX.mp4,Walking,Cheetah,Mammal
video\QNZCVUDX.mp4,Walking,Leopard,Mammal
video\QOPQIVMP.mp4,Sensing,Bison,Mammal
video\QOYYQXGD.mp4,Sensing,Horse,Mammal
video\QPJKLQCN.mp4,Walking,Ibex,Mammal
video\QPOBECEI.mp4,Running,Chimpanzee,Mammal
video\QQENADSN.mp4,Jumping,Jaculus Jaculus,Mammal
video\QQGNTNJC.mp4,Attending,Chimpanzee,Mammal
video\QQLBSTEK.mp4,Walking,Sri Lankan Leopard,Mammal
video\QQZQVVYU.mp4,Attending,Leopard,Mammal
video\QRQOZFFP.mp4,Walking,Maroon Macaque,Mammal
video\QTSUUFGA.mp4,Running,Wildebeest,Mammal
video\QTXPJFGA.mp4,Eating,Wildebeest,Mammal
video\QUNGOFJG.mp4,Walking,Sumatran Serow,Mammal
video\QVDBKUDX.mp4,Sensing,Ibex,Mammal
video\QVFNHXGD.mp4,Walking,Horse,Mammal
video\QWFAKXGD.mp4,Eating,Kangaroo Young,Mammal
video\QWVRQXGD.mp4,Eating,Horse,Mammal
video\QXMGAHGA.mp4,Attending,Meerkat,Mammal
video\QXVMVUDX.mp4,Walking,Elephant,Mammal
video\QXXMJKEW.mp4,Sensing,Giraffe,Mammal
video\QYAQOIMN.mp4,Running,Yellow-Throated Martens,Mammal
video\QZFWCXGD.mp4,Eating,Horse,Mammal
video\QZOPUUDX.mp4,Walking,Cheetah,Mammal
video\RAFWEEBY.mp4,Walking,Fox,Mammal
video\RBPVFTCN.mp4,Eating,Horse Young,Mammal
video\RBSUEBQT.mp4,Jumping,Raffles Banded Langur,Mammal
video\RBZZJXGD.mp4,Jumping,Kangaroo,Mammal
video\RCEDZRAC.mp4,Walking,Jaguarundi Cat,Mammal
video\RCRWQDSN.mp4,Attending,Markhor Goat,Mammal
video\RCWNYRAC.mp4,Walking,Coyote,Mammal
video\RDKFYEBY.mp4,Jumping,Fox,Mammal
video\RDMDLXGD.mp4,Eating,Kangaroo Young,Mammal
video\RDQNPVYU.mp4,Keeping still,Leopard,Mammal
video\RGFLQBQT.mp4,Eating,Raffles Banded Langur,Mammal
video\RGPBZRAC.mp4,Running,Jaguarundi Cat,Mammal
video\RGVNRXGD.mp4,Walking,Echina,Mammal
video\RIJOBXGD.mp4,Keeping still,Mountain Pygmy Possum,Mammal
video\RJALNXGD.mp4,Running,Dog,Mammal
video\RJVCNRAC.mp4,Walking,Capuchin Monkey,Mammal
video\RKOTNQCN.mp4,Walking,Ibex,Mammal
video\RLFGTEZZ.mp4,Walking,Spotted Deer,Mammal
video\RLNXBXGD.mp4,Walking,Horse,Mammal
video\RLSGXNPL.mp4,Keeping still,Squirrel,Mammal
video\RLSZUKEW.mp4,Running,Pika,Mammal
video\RLUONTHG.mp4,Keeping still,Red River Hog,Mammal
video\RMDLHXGD.mp4,Eating,Kangaroo,Mammal
video\RNDTTFGA.mp4,Walking,Wolf,Mammal
video\RNPAHFFP.mp4,Eating,Otter,Mammal
video\ROVAOBQT.mp4,Eating,Raffles Banded Langur,Mammal
video\RPAJSBQT.mp4,Jumping,Raffles Banded Langur,Mammal
video\RPGXNFFP.mp4,Sensing,Maroon Macaque,Mammal
video\RPLFKNBD.mp4,Keeping still,Elephant,Mammal
video\RPTWVAMC.mp4,Eating,Lion,Mammal
video\RPVMBNPO.mp4,Keeping still,Hyena,Mammal
video\RQHFAHGA.mp4,Attending,Meerkat,Mammal
video\RQXAWFGA.mp4,Running,Wildebeest,Mammal
video\RRDRNRAC.mp4,Eating,Capuchin Monkey,Mammal
video\RRMNMXGD.mp4,Eating,Horse,Mammal
video\RRSUOXGD.mp4,Eating,Kangaroo,Mammal
video\RSAHUBME.mp4,Walking,Horse,Mammal
video\RSHHDXGD.mp4,Eating,Kangaroo,Mammal
video\RSNDRXGD.mp4,Attending,Horse,Mammal
video\RSNNETEK.mp4,Sensing,Sri Lankan Leopard,Mammal
video\RTCDLBQT.mp4,Jumping,Raffles Banded Langur,Mammal
video\RTEMEBQT.mp4,Sensing,Raffles Banded Langur,Mammal
video\RTHHRXGD.mp4,Running,Horse,Mammal
video\RTTMMBQT.mp4,Jumping,Plantain Squirrel,Mammal
video\RVFUTBQT.mp4,Jumping,Raffles Banded Langur,Mammal
video\RVHTPZON.mp4,Walking,Elephant,Mammal
video\RXIYDMHZ.mp4,Walking,Horse Young,Mammal
video\RYRVNXGD.mp4,Running,Horse,Mammal
video\RYTNBFFP.mp4,Eating,Otter,Mammal
video\RYYHWDSN.mp4,Walking,Markhor Goat,Mammal
video\RZCMTNPL.mp4,Walking,Squirrel,Mammal
video\SATLKKBT.mp4,Eating,Smooth-Coated Otter,Mammal
video\SBEZABQT.mp4,Sensing,Raffles Banded Langur,Mammal
video\SBGJWNJC.mp4,Walking,Elephant,Mammal
video\SBJJCRAC.mp4,Sensing,Coyote,Mammal
video\SBYESEZZ.mp4,Walking,Nilgai,Mammal
video\SCGCMBQT.mp4,Sensing,Raffles Banded Langur,Mammal
video\SCOZRXGD.mp4,Walking,Horse,Mammal
video\SDCUPTEK.mp4,Eating,Two-Toed Sloth,Mammal
video\SDFKMEBY.mp4,Eating,Fox,Mammal
video\SEAMDXGD.mp4,Jumping,Kangaroo,Mammal
video\SEOXWUDX.mp4,Walking,Cheetah,Mammal
video\SEVEJFGA.mp4,Walking,Elephant,Mammal
video\SFIQTXGD.mp4,Jumping,Kangaroo,Mammal
video\SFLYKXGD.mp4,Walking,Horse,Mammal
video\SFSRCXGD.mp4,Running,Dog,Mammal
video\SFUWLXGD.mp4,Keeping still,Kangaroo,Mammal
video\SGAWVRAC.mp4,Running,White Nosed Coati,Mammal
video\SHBTTVYU.mp4,Attending,Leopard,Mammal
video\SHELYVMS.mp4,Eating,Greater Mouse Deer,Mammal
video\SJDUEBME.mp4,Running,Horse,Mammal
video\SJNLCKEW.mp4,Keeping still,Pika,Mammal
video\SKNBJUDX.mp4,Walking,Elephant,Mammal
video\SKUAIXGD.mp4,Running,Horse,Mammal
video\SLEHQRAC.mp4,Walking,Tamandua,Mammal
video\SLNOPXGD.mp4,Running,Horse,Mammal
video\SMKAJXGD.mp4,Walking,Horse,Mammal
video\SMLRJXGD.mp4,Keeping still,Dog,Mammal
video\SMXLGRLL.mp4,Eating,Mouse,Mammal
video\SMYMRXDO.mp4,Running,Lion,Mammal
video\SNQLNTEK.mp4,Attending,Meerkat,Mammal
video\SOAWNVYU.mp4,Walking,Leopard,Mammal
video\SOFPPBQT.mp4,Running,Plantain Squirrel,Mammal
video\SQBJFXGD.mp4,Running,Mountain Pygmy Possum,Mammal
video\SQIWIBME.mp4,Sensing,Horse,Mammal
video\SQUDPXGD.mp4,Running,Horse,Mammal
video\SQZNJHGA.mp4,Attending,Giraffe,Mammal
video\SRVYHKEW.mp4,Sensing,Goat,Mammal
video\SRWTMNPL.mp4,Keeping still,Chimpanzee,Mammal
video\SSDRFEZZ.mp4,Walking,Civet Cat,Mammal
video\SSOVRFFP.mp4,Keeping still,Maroon Macaque,Mammal
video\SSWBYNPO.mp4,Walking,Lion,Mammal
video\SSZDRNPL.mp4,Walking,Grey Langur,Mammal
video\SVDNTFFP.mp4,Keeping still,Maroon Macaque,Mammal
video\SVIOCXGD.mp4,Attending,Kangaroo,Mammal
video\SWFHVBQT.mp4,Jumping,Plantain Squirrel,Mammal
video\SWNMEEUL.mp4,Keeping still,Leopard,Mammal
video\SXIRHFJG.mp4,Walking,Gaur,Mammal
video\SXYZOPIF.mp4,Sensing,Polar Bear,Mammal
video\SYJKEBQT.mp4,Attending,Raffles Banded Langur,Mammal
video\SYNHLDSN.mp4,Jumping,Jaculus Jaculus,Mammal
video\SZJBMXGD.mp4,Running,Horse,Mammal
video\SZZNBRAC.mp4,Keeping still,Agouti,Mammal
video\TAUEYSMJ.mp4,Walking,Elephant,Mammal
video\TAYQNAMC.mp4,Jumping,Lion Young,Mammal
video\TBRGPBQT.mp4,Eating,Raffles Banded Langur,Mammal
video\TDFQQVMP.mp4,Sensing,Beaver,Mammal
video\TDRFKDPR.mp4,Walking,Coyote,Mammal
video\TDRKZBME.mp4,Walking,Horse,Mammal
video\TDTRXTEK.mp4,Walking,Sunbear,Mammal
video\TEAEVKEW.mp4,Eating,Rabbit,Mammal
video\TECSOXGD.mp4,Running,Horse,Mammal
video\TEKPGCNX.mp4,Walking,Wolf,Mammal
video\TEQOPXGD.mp4,Running,Horse,Mammal
video\TEZHSBQT.mp4,Attending,Raffles Banded Langur,Mammal
video\TGCWAGCS.mp4,Sensing,Leopard,Mammal
video\TIQWILQI.mp4,Sensing,Barking Deer,Mammal
video\TJHQREQQ.mp4,Walking,Leopard,Mammal
video\TJXSVVYU.mp4,Sensing,Leopard,Mammal
video\TLFNEGCS.mp4,Attending,Elephant,Mammal
video\TLHREXGD.mp4,Running,Horse,Mammal
video\TLKZQCEI.mp4,Eating,Chimpanzee,Mammal
video\TMLYPEBY.mp4,Sensing,Fox,Mammal
video\TMTRUXGD.mp4,Eating,Horse,Mammal
video\TNQPRNPL.mp4,Sensing,Squirrel,Mammal
video\TOHQUFJG.mp4,Attending,Sambar Deer,Mammal
video\TOTDUUDX.mp4,Walking,Cheetah,Mammal
video\TOUYKXGD.mp4,Eating,Kangaroo,Mammal
video\TOYKCRAC.mp4,Walking,Capuchin Monkey,Mammal
video\TPXYDXGD.mp4,Sensing,Kangaroo,Mammal
video\TQBJBWBC.mp4,Running,Mongoose,Mammal
video\TQMAIUDX.mp4,Walking,Leopard,Mammal
video\TQOVJTHG.mp4,Sensing,Campbells Monkey,Mammal
video\TQVMIXGD.mp4,Walking,Horse,Mammal
video\TQZLNKEW.mp4,Eating,Giraffe,Mammal
video\TRBAWFGA.mp4,Running,Wolf,Mammal
video\TROMEXGD.mp4,Jumping,Rabbit,Mammal
video\TRWGVGCS.mp4,Running,Elephant,Mammal
video\TSDFHTCN.mp4,Eating,Horse Young,Mammal
video\TSDZSVYU.mp4,Jumping,Leopard,Mammal
video\TTOEWXGD.mp4,Walking,Wombat,Mammal
video\TUDZXBQT.mp4,Sensing,Raffles Banded Langur,Mammal
video\TUKWZXGD.mp4,Jumping,Kangaroo,Mammal
video\TUWTZNSU.mp4,Walking,Hyena,Mammal
video\TVQAXWBC.mp4,Running,Mongoose,Mammal
video\TWBUBBQT.mp4,Eating,Greater Mouse Deer,Mammal
video\TWLBLCNX.mp4,Walking,Wolf,Mammal
video\TWZUFBME.mp4,Walking,Horse,Mammal
video\TXYRIVMS.mp4,Eating,Greater Mouse Deer,Mammal
video\TYBNJSMJ.mp4,Walking,Marshbuck,Mammal
video\TYLDUUDX.mp4,Walking,Leopard,Mammal
video\TYTXFBQT.mp4,Running,Raffles Banded Langur,Mammal
video\UAAMXDPR.mp4,Walking,Cougar,Mammal
video\UAARUGCS.mp4,Running,Elephant,Mammal
video\UAVAIXGD.mp4,Running,Horse,Mammal
video\UBWOETHG.mp4,Walking,Giant Forest Hog,Mammal
video\UCEJCNBD.mp4,Walking,Stump-Tailed Macaque,Mammal
video\UCKOARAC.mp4,Walking,Jaguarundi Cat,Mammal
video\UEDNIAMC.mp4,Walking,Lion,Mammal
video\UEUQLDSN.mp4,Walking,Cheetah,Mammal
video\UFVKXFFP.mp4,Eating,Maroon Macaque,Mammal
video\UGXUWXGD.mp4,Attending,Horse,Mammal
video\UHTDGCNX.mp4,Sensing,Wolf,Mammal
video\UHYALUDX.mp4,Walking,Elephant,Mammal
video\UINTNEBY.mp4,Walking,Fox,Mammal
video\UISTSXGD.mp4,Jumping,Kangaroo,Mammal
video\UISXXGCS.mp4,Walking,Leopard,Mammal
video\UIXKNTEK.mp4,Walking,Malayan Tapir,Mammal
video\UJKVXRAC.mp4,Running,White Nosed Coati,Mammal
video\UJNRNUDX.mp4,Walking,Elephant,Mammal
video\UKNUWRAC.mp4,Running,White Nosed Coati,Mammal
video\ULXRQFFP.mp4,Eating,Maroon Macaque,Mammal
video\UMPBYBQT.mp4,Eating,Greater Mouse Deer,Mammal
video\UNCZLXGD.mp4,Eating,Horse,Mammal
video\UNOMEVMP.mp4,Walking,Moose,Mammal
video\UNZDCVYU.mp4,Walking,Leopard,Mammal
video\UOGSDXGD.mp4,Jumping,Kangaroo,Mammal
video\UOHILFGA.mp4,Running,Wolf,Mammal
video\UOUAKEBY.mp4,Keeping still,Fox,Mammal
video\UQBGXAMC.mp4,Walking,Lion Young,Mammal
video\URFJQDPR.mp4,Walking,Ocelot,Mammal
video\URHBCBQT.mp4,Keeping still,Raffles Banded Langur,Mammal
video\URVFZCEI.mp4,Eating,Chimpanzee,Mammal
video\URYQZFGA.mp4,Walking,Caribou,Mammal
video\USBCEAMC.mp4,Walking,Lion Young,Mammal
video\USORNTCN.mp4,Walking,Horse Young,Mammal
video\USUIPVMW.mp4,Walking,Mouse,Mammal
video\USVYLTEK.mp4,Walking,Boar,Mammal
video\UTPOPBME.mp4,Eating,Horse,Mammal
video\UTQKOTHG.mp4,Walking,African Golden Cat,Mammal
video\UTSETVMP.mp4,Sensing,Fox,Mammal
video\UUJLRUPH.mp4,Sensing,Squirrel,Mammal
video\UVDADNPL.mp4,Jumping,Squirrel,Mammal
video\UVXXANPL.mp4,Sensing,Grey Langur,Mammal
video\UXMDTUDX.mp4,Walking,Elephant,Mammal
video\UXNFAXGD.mp4,Eating,Dog,Mammal
video\UYFARXDO.mp4,Running,Giraffe,Mammal
video\UZAUDBQT.mp4,Eating,Plantain Squirrel,Mammal
video\UZGSYAEY.mp4,Attending,Camel,Mammal
video\UZTFSTEK.mp4,Walking,Red-Ruffed Lemur,Mammal
video\VAWMAXGD.mp4,Running,Horse,Mammal
video\VAXEMBQT.mp4,Eating,Plantain Squirrel,Mammal
video\VAZMATEK.mp4,Attending,Colugo,Mammal
video\VBDQBTHG.mp4,Sensing,Campbells Monkey,Mammal
video\VBOQPBQT.mp4,Sensing,Raffles Banded Langur,Mammal
video\VCPGFDSN.mp4,Jumping,Jaculus Jaculus,Mammal
video\VEMEECNX.mp4,Keeping still,Wolf,Mammal
video\VEUJRRAC.mp4,Eating,Capuchin Monkey,Mammal
video\VFIJYUDX.mp4,Walking,Elephant,Mammal
video\VFMHHBQT.mp4,Walking,Lesser Mousedeer,Mammal
video\VFYLFIMN.mp4,Walking,Asiatic Golden Cat,Mammal
video\VGALMFGA.mp4,Running,Wild Dog,Mammal
video\VGILMXGD.mp4,Walking,Horse,Mammal
video\VHJQPUDX.mp4,Walking,Elephant,Mammal
video\VHSVBMHZ.mp4,Eating,Horse Young,Mammal
video\VIBLSVMP.mp4,Keeping still,Deer,Mammal
video\VILYPFFP.mp4,Walking,Maroon Macaque,Mammal
video\VINJRFGA.mp4,Walking,Polar Bear,Mammal
video\VISBAIMN.mp4,Walking,Bearded Pig,Mammal
video\VIXWZXGD.mp4,Running,Horse,Mammal
video\VKBYQTCN.mp4,Eating,Horse Young,Mammal
video\VKIQRXGD.mp4,Walking,Horse,Mammal
video\VKWTNGCS.mp4,Running,Elephant,Mammal
video\VMTACXGD.mp4,Walking,Echina,Mammal
video\VNBTKNPL.mp4,Sensing,Squirrel,Mammal
video\VNHYSXGD.mp4,Running,Horse,Mammal
video\VNVJRBQT.mp4,Sensing,Raffles Banded Langur,Mammal
video\VOCEPBQT.mp4,Keeping still,Raffles Banded Langur,Mammal
video\VOGOEXGD.mp4,Eating,Horse,Mammal
video\VOYATBQT.mp4,Jumping,Raffles Banded Langur,Mammal
video\VPHGQVMP.mp4,Eating,Bison,Mammal
video\VPHJJNPO.mp4,Attending,Lion,Mammal
video\VPSUEUDX.mp4,Walking,Leopard,Mammal
video\VRANOBQT.mp4,Eating,Greater Mouse Deer,Mammal
video\VREFBTHG.mp4,Walking,Yellow-Backed Duiker,Mammal
video\VRXTWTHG.mp4,Walking,Red River Hog,Mammal
video\VSGNZXGD.mp4,Walking,Horse,Mammal
video\VSMYFUDX.mp4,Walking,Cheetah,Mammal
video\VTAEYRAC.mp4,Sensing,Capuchin Monkey,Mammal
video\VTVPENBD.mp4,Keeping still,Malayan Porcupine,Mammal
video\VUJUSRAC.mp4,Jumping,Coyote,Mammal
video\VULEBNPL.mp4,Walking,Grey Langur,Mammal
video\VURVXXGD.mp4,Running,Horse,Mammal
video\VVESKXGD.mp4,Keeping still,Kangaroo,Mammal
video\VVNPWTEK.mp4,Attending,White Tiger,Mammal
video\VVQFTRAC.mp4,Walking,Racoon,Mammal
video\VVTBOEZZ.mp4,Walking,Sambar Deer,Mammal
video\VWRISDSN.mp4,Walking,Snow Leopard,Mammal
video\VXTCCQCN.mp4,Walking,Ibex,Mammal
video\VXWSRXGD.mp4,Running,Horse,Mammal
video\VYYGCUDX.mp4,Walking,Leopard,Mammal
video\VZAYVNPL.mp4,Attending,Chimpanzee,Mammal
video\VZGTCUDX.mp4,Attending,Leopard,Mammal
video\VZNCZTHG.mp4,Eating,Olive Colobus,Mammal
video\VZNGJVMW.mp4,Keeping still,Mouse,Mammal
video\WAUTGCNX.mp4,Walking,Wolf,Mammal
video\WBKGUIQR.mp4,Running,Mongoose,Mammal
video\WBRIIXGD.mp4,Running,Horse,Mammal
video\WCLYVFFP.mp4,Running,Otter,Mammal
video\WCXUZRLL.mp4,Running,Mouse,Mammal
video\WDDLCXGD.mp4,Eating,Kangaroo,Mammal
video\WDSFSXGD.mp4,Running,Horse,Mammal
video\WEEYSAMC.mp4,Walking,Lion Young,Mammal
video\WEKKSFFP.mp4,Eating,Otter,Mammal
video\WEVILBME.mp4,Walking,Horse,Mammal
video\WFKBBXGD.mp4,Running,Horse,Mammal
video\WGCGUBQT.mp4,Keeping still,Raffles Banded Langur,Mammal
video\WGNIZTEK.mp4,Attending,Red Ruffed Lemur,Mammal
video\WGTWACNX.mp4,Walking,Wolf,Mammal
video\WHHMUBQT.mp4,Eating,Otter,Mammal
video\WIECTBQT.mp4,Eating,Plantain Squirrel,Mammal
video\WJDMZBQT.mp4,Eating,Raffles Banded Langur,Mammal
video\WKIUCXGD.mp4,Running,Horse,Mammal
video\WKNRKBQT.mp4,Keeping still,Greater Mouse Deer,Mammal
video\WKQQZUDX.mp4,Walking,African Oryx,Mammal
video\WLZCHQCN.mp4,Sensing,Ibex,Mammal
video\WMASQTCN.mp4,Walking,Horse Young,Mammal
video\WMCOATHG.mp4,Sensing,King Colobus,Mammal
video\WMHLJTHG.mp4,Sensing,Campbells Monkey,Mammal
video\WMWBCBQT.mp4,Eating,Raffles Banded Langur,Mammal
video\WNRLYBME.mp4,Running,Horse,Mammal
video\WOCUYBQT.mp4,Keeping still,Raffles Banded Langur,Mammal
video\WOIIZSMJ.mp4,Sensing,Marshbuck,Mammal
video\WOPPQEBY.mp4,Keeping still,Fox,Mammal
video\WORNWHGA.mp4,Sensing,Meerkat,Mammal
video\WRANOTEK.mp4,Attending,Meerkat,Mammal
video\WRQLLBQT.mp4,Eating,Raffles Banded Langur,Mammal
video\WRVQOBQT.mp4,Eating,Lesser Mousedeer,Mammal
video\WSBLPTHG.mp4,Keeping still,Red River Hog,Mammal
video\WUAQFEZZ.mp4,Walking,Bengal Tiger,Mammal
video\WUXVGNSU.mp4,Walking,Hyena,Mammal
video\WVTLUUDX.mp4,Walking,Cheetah,Mammal
video\WYJZHGCS.mp4,Walking,Giraffe,Mammal
video\WYMPJHGA.mp4,Attending,Meerkat,Mammal
video\WZNVOFFP.mp4,Running,Maroon Macaque,Mammal
video\WZUCGUDX.mp4,Walking,Leopard,Mammal
video\WZUIAXGD.mp4,Attending,Dog,Mammal
video\WZUNXUDX.mp4,Walking,Wildebeest,Mammal
video\WZXPNXGD.mp4,Running,Horse,Mammal
video\XAJSPKEW.mp4,Running,Pika,Mammal
video\XAPSLVMP.mp4,Keeping still,Bison,Mammal
video\XATQFKEW.mp4,Running,Pika,Mammal
video\XAXTAKTR.mp4,Keeping still,Mouse,Mammal
video\XBGXWNJC.mp4,Attending,Cheetah,Mammal
video\XBYOARLL.mp4,Sensing,Southern Grasshopper Mouse,Mammal
video\XCDEDMHZ.mp4,Eating,Horse Young,Mammal
video\XCLFRBQT.mp4,Attending,Raffles Banded Langur,Mammal
video\XCQEYBQT.mp4,Attending,Greater Mouse Deer,Mammal
video\XDVZUFGA.mp4,Walking,Wolf,Mammal
video\XEAGNXDO.mp4,Walking,Lion,Mammal
video\XFIHQEBY.mp4,Walking,Fox,Mammal
video\XGKJCBQT.mp4,Keeping still,Raffles Banded Langur,Mammal
video\XGTSONSU.mp4,Walking,Hyena,Mammal
video\XIKWDBQT.mp4,Attending,Raffles Banded Langur,Mammal
video\XJNPBRAC.mp4,Walking,Capuchin Monkey,Mammal
video\XKDIPRLL.mp4,Walking,Mouse,Mammal
video\XLCQTUDX.mp4,Walking,Leopard,Mammal
video\XLPAQXGD.mp4,Walking,Horse,Mammal
video\XMMRKDSN.mp4,Running,Snow Leopard,Mammal
video\XOAJLTHG.mp4,Attending,Campbells Monkey,Mammal
video\XOOHHUDX.mp4,Walking,Elephant,Mammal
video\XQTLYMYV.mp4,Sensing,Gorilla,Mammal
video\XQYXSXGD.mp4,Walking,Horse,Mammal
video\XRFXXRAC.mp4,Walking,Capuchin Monkey,Mammal
video\XRTWVFGA.mp4,Walking,Wolf,Mammal
video\XSKHAVYU.mp4,Attending,Leopard,Mammal
video\XSOAWXGD.mp4,Running,Horse,Mammal
video\XSSZNKEW.mp4,Keeping still,Cheetah,Mammal
video\XTJMAXGD.mp4,Walking,Horse,Mammal
video\XTQLFRAC.mp4,Walking,White Nosed Coati,Mammal
video\XUTEXXGD.mp4,Keeping still,Kangaroo,Mammal
video\XVIHQBQT.mp4,Jumping,Raffles Banded Langur,Mammal
video\XWEVERAC.mp4,Walking,Tamandua,Mammal
video\XXHVQBQT.mp4,Jumping,Raffles Banded Langur,Mammal
video\XYXUJIMN.mp4,Walking,Marbled Cat,Mammal
video\YBSATFGA.mp4,Running,Wolf,Mammal
video\YBSWUGCS.mp4,Running,Elephant,Mammal
video\YCSCMFGA.mp4,Walking,Caribou,Mammal
video\YDLJBIMN.mp4,Walking,Asian Tapir,Mammal
video\YDMHPUDX.mp4,Keeping still,Zebra,Mammal
video\YDYNZXGD.mp4,Walking,Horse,Mammal
video\YEXJPWBC.mp4,Running,Mongoose,Mammal
video\YEYILXGD.mp4,Walking,Dog,Mammal
video\YFFMSFGA.mp4,Running,Caribou,Mammal
video\YFQALQCN.mp4,Walking,Ibex,Mammal
video\YGINATHG.mp4,Attending,Campbells Monkey,Mammal
video\YHLTVFFP.mp4,Sensing,Maroon Macaque,Mammal
video\YHTQTQCN.mp4,Walking,Ibex,Mammal
video\YIWNGXGD.mp4,Running,Horse,Mammal
video\YJQYTRAC.mp4,Attending,Agouti,Mammal
video\YJZATXGD.mp4,Walking,Echina,Mammal
video\YKCGNBQT.mp4,Jumping,Raffles Banded Langur,Mammal
video\YKEBWZON.mp4,Eating,Elephant,Mammal
video\YLITPBQT.mp4,Eating,Plantain Squirrel,Mammal
video\YLOXBXGD.mp4,Running,Horse,Mammal
video\YLZBNFGA.mp4,Running,Wild Dog,Mammal
video\YMBPTRAC.mp4,Keeping still,Agouti,Mammal
video\YMCRZUPH.mp4,Eating,Squirrel,Mammal
video\YNKRCRAC.mp4,Walking,Racoon,Mammal
video\YNOZOQCN.mp4,Sensing,Ibex,Mammal
video\YNRFIXGD.mp4,Running,Horse,Mammal
video\YOHBCTEK.mp4,Walking,White Rhinoceros,Mammal
video\YOQBGVYU.mp4,Walking,Leopard,Mammal
video\YQMGIVYU.mp4,Sensing,Leopard,Mammal
video\YRLCQRAC.mp4,Walking,Opossum,Mammal
video\YRPRBRAC.mp4,Running,White Nosed Coati,Mammal
video\YRWRWNPL.mp4,Jumping,Squirrel,Mammal
video\YSVFJCNX.mp4,Walking,Wolf,Mammal
video\YSWYIBME.mp4,Eating,Horse,Mammal
video\YSXPPBQT.mp4,Keeping still,Greater Mouse Deer,Mammal
video\YTDEHWBC.mp4,Keeping still,Mongoose,Mammal
video\YXJGIUDX.mp4,Walking,Elephant,Mammal
video\YYNJITEK.mp4,Sensing,Red-Ruffed Lemur,Mammal
video\ZACRFDPO.mp4,Sensing,Leopard,Mammal
video\ZEJKKDSN.mp4,Sensing,Jaculus Jaculus,Mammal
video\ZFQVBXGD.mp4,Eating,Kangaroo,Mammal
video\ZGKKBTCN.mp4,Walking,Horse Young,Mammal
video\ZGLTOTHG.mp4,Attending,Campbells Monkey,Mammal
video\ZGNADXGD.mp4,Running,Dog,Mammal
video\ZGQWJRAC.mp4,Walking,Racoon,Mammal
video\ZGSQSBME.mp4,Walking,Horse,Mammal
video\ZHXSIKTR.mp4,Keeping still,Mouse,Mammal
video\ZJZMUTHG.mp4,Walking,Red River Hog,Mammal
video\ZKCGGXGD.mp4,Jumping,Kangaroo,Mammal
video\ZKDDYCEI.mp4,Walking,Chimpanzee,Mammal
video\ZKEUJGCS.mp4,Running,Lion,Mammal
video\ZKGPKTEK.mp4,Sensing,Meerkat,Mammal
video\ZKKIJBQT.mp4,Eating,Greater Mouse Deer,Mammal
video\ZLBHWDPR.mp4,Walking,Capuchin Monkey,Mammal
video\ZLNBTVYU.mp4,Walking,Leopard,Mammal
video\ZLZGGXGD.mp4,Attending,Horse,Mammal
video\ZMMKTXGD.mp4,Sensing,Horse,Mammal
video\ZNIVVAMC.mp4,Walking,Lion Young,Mammal
video\ZNNXYEZZ.mp4,Attending,Sambar Deer,Mammal
video\ZNRVZHGA.mp4,Attending,Meerkat,Mammal
video\ZOEKYFYY.mp4,Attending,Otter,Mammal
video\ZOSSITCN.mp4,Walking,Horse Young,Mammal
video\ZOTKPRSU.mp4,Running,Wolf,Mammal
video\ZOXWLEBY.mp4,Sensing,Fox,Mammal
video\ZPWXTBQT.mp4,Attending,Greater Mouse Deer,Mammal
video\ZQGZGIVA.mp4,Attending,Sea Otter,Mammal
video\ZSIDUGCS.mp4,Attending,Leopard,Mammal
video\ZSNECFJG.mp4,Eating,Malayan Tapir,Mammal
video\ZSXHCTEK.mp4,Eating,White-Faced Saki Monkey,Mammal
video\ZTUGLXGD.mp4,Jumping,Mountain Pygmy Possum,Mammal
video\ZUKMHRAC.mp4,Jumping,Capuchin Monkey,Mammal
video\ZURDMKEW.mp4,Jumping,Stoat,Mammal
video\ZXAKMMYV.mp4,Attending,Gorilla,Mammal
video\ZYCHRRAC.mp4,Walking,Racoon,Mammal
video\ZYEXPGCS.mp4,Walking,Elephant,Mammal
video\ZYLJEAEY.mp4,Attending,Monkey,Mammal
video\ZZMKWNPL.mp4,Keeping still,Chimpanzee,Mammal
video\ACURLDSN.mp4,Sensing,Cheetah,Mammal
video\AEMZBKEW.mp4,Walking,Goat,Mammal
video\AGILRCNX.mp4,Sensing,Wolf,Mammal
video\AHPRXAMC.mp4,Walking,Lion,Mammal
video\AKRYLKEW.mp4,Running,Goat,Mammal
video\AKVEINPL.mp4,Attending,Squirrel,Mammal
video\ASYDRFGA.mp4,Attending,Caribou,Mammal
video\AXSLLFGA.mp4,Walking,Zebra,Mammal
video\BAEOZNPO.mp4,Walking,Lion,Mammal
video\BBECHBQT.mp4,Running,Plantain Squirrel,Mammal
video\BFBBMEBY.mp4,Sensing,Fox,Mammal
video\BFGQKGCS.mp4,Walking,Elephant,Mammal
video\BHAACICI.mp4,Keeping still,Cheetah,Mammal
video\BSIVMFKM.mp4,Walking,Meerkat,Mammal
video\BUXMRCEI.mp4,Running,Chimpanzee,Mammal
video\BVXNBKEW.mp4,Running,Pika,Mammal
video\BVYMFKEW.mp4,Running,Pika,Mammal
video\BWSZOIMN.mp4,Running,Short-Clawed Otter,Mammal
video\BXDRVEBY.mp4,Sensing,Fox,Mammal
video\BYFDLEZZ.mp4,Walking,Civet Cat,Mammal
video\CAOOPFGA.mp4,Running,Wildebeest,Mammal
video\CBSKBFYY.mp4,Eating,Squirrel,Mammal
video\CCFBBEZZ.mp4,Walking,Bengal Tiger,Mammal
video\CCPMEKEW.mp4,Walking,Giraffe,Mammal
video\CCQNQKEW.mp4,Jumping,Stoat,Mammal
video\CDUOEEBY.mp4,Jumping,Fox,Mammal
video\CEGXIFKM.mp4,Walking,Meerkat,Mammal
video\CFUGEAMC.mp4,Walking,Lion,Mammal
video\CMEXXNPO.mp4,Keeping still,Hyena,Mammal
video\COPQBBQT.mp4,Eating,Otter,Mammal
video\CTHPVFGA.mp4,Running,Wildebeest,Mammal
video\CWDUPFGA.mp4,Running,Caribou,Mammal
video\CWUSGFGA.mp4,Jumping,Wolf,Mammal
video\CYWSCKEW.mp4,Attending,Stoat,Mammal
video\CZGHEEZZ.mp4,Keeping still,Spotted Deer,Mammal
video\DBMJTZQJ.mp4,Eating,Otter,Mammal
video\DDKMIEZZ.mp4,Walking,Sambar Deer,Mammal
video\DDODPFGA.mp4,Sensing,Monkey,Mammal
video\DHACIKEW.mp4,Sensing,Stoat,Mammal
video\DJLQKNPL.mp4,Jumping,Squirrel,Mammal
video\DOUAHKEW.mp4,Walking,Giraffe,Mammal
video\DUMCHKEW.mp4,Walking,Goat,Mammal
video\DUNTUKEW.mp4,Eating,Pika,Mammal
video\DXNQUKEW.mp4,Running,Pika,Mammal
video\DZMSKXDO.mp4,Walking,Lion,Mammal
video\EBOJNFGA.mp4,Running,Wild Dog,Mammal
video\ECQRGFGA.mp4,Running,Wolf,Mammal
video\EDNIWFYY.mp4,Sensing,Otter,Mammal
video\EGJBKAMC.mp4,Sensing,Lion,Mammal
video\ENCQCCNX.mp4,Walking,Wolf,Mammal
video\EPSKNAMC.mp4,Sensing,Lion Young,Mammal
video\ETTESEBY.mp4,Jumping,Fox,Mammal
video\EVQRFFGA.mp4,Walking,Wild Dog,Mammal
video\EVUWKEBY.mp4,Walking,Fox,Mammal
video\EWGAWZQJ.mp4,Running,Otter,Mammal
video\EYUYUNPO.mp4,Walking,Lion,Mammal
video\FCMXJDSN.mp4,Running,Buffalo,Mammal
video\FETWZXDO.mp4,Eating,Rhinoceros,Mammal
video\FFYKNAMC.mp4,Walking,Lion Young,Mammal
video\FGLLYIMN.mp4,Walking,Mitred Leaf Monkey,Mammal
video\FIFMGDSN.mp4,Walking,Cheetah,Mammal
video\FJFUPNBD.mp4,Sensing,Pig-Tailed Macaque,Mammal
video\FJLSEEBY.mp4,Attending,Fox,Mammal
video\FOQZQZON.mp4,Attending,Deer,Mammal
video\FQVKNDSN.mp4,Running,Cheetah,Mammal
video\FRDHDBQT.mp4,Eating,Otter,Mammal
video\FSCZHDSN.mp4,Running,Snow Leopard,Mammal
video\FTGNWAMC.mp4,Walking,Lion Young,Mammal
video\FUXKHZQJ.mp4,Walking,Otter,Mammal
video\FVTDENPL.mp4,Sensing,Squirrel,Mammal
video\FYSOWKEW.mp4,Sensing,Pika,Mammal
video\GAUMQAMC.mp4,Walking,Lion Young,Mammal
video\GDATEKEW.mp4,Jumping,Stoat,Mammal
video\GGCFQAMC.mp4,Walking,Lion Young,Mammal
video\GLGKREBY.mp4,Walking,Fox,Mammal
video\GNBTWWZF.mp4,Jumping,Bighorn Sheep,Mammal
video\GVVCNKEW.mp4,Running,Pika,Mammal
video\GZDAWFKM.mp4,Keeping still,Meerkat,Mammal
video\HALGEFKM.mp4,Sensing,Meerkat,Mammal
video\HANCMEBY.mp4,Keeping still,Fox,Mammal
video\HERLMFYY.mp4,Keeping still,Otter,Mammal
video\HFGASFGA.mp4,Walking,Elephant,Mammal
video\HJVGHKEW.mp4,Jumping,Pika,Mammal
video\HLTTPEZZ.mp4,Attending,Sambar Deer,Mammal
video\HNOQRDSN.mp4,Jumping,Jaculus Jaculus,Mammal
video\HPPJAFGA.mp4,Walking,Caribou,Mammal
video\HQIISNPL.mp4,Walking,Squirrel,Mammal
video\HQPWKNPO.mp4,Walking,Lion,Mammal
video\HWRGEFGA.mp4,Running,Wolf,Mammal
video\HXPIEAMC.mp4,Sensing,Lion Young,Mammal
video\HXQQKFGA.mp4,Running,Wildebeest,Mammal
video\HYHSYDSN.mp4,Keeping still,Jaculus Jaculus,Mammal
video\HZKXONBD.mp4,Walking,Malayan Tapir,Mammal
video\HZWJVEZZ.mp4,Walking,Bengal Tiger,Mammal
video\IBPTKFKM.mp4,Attending,Meerkat,Mammal
video\IDCHAFGA.mp4,Running,Wolf,Mammal
video\IDLLPNBD.mp4,Walking,Stump-Tailed Macaque,Mammal
video\IEATCDSN.mp4,Walking,Cheetah,Mammal
video\IFUBGCNX.mp4,Walking,Wolf,Mammal
video\IGSCIKEW.mp4,Keeping still,Pika,Mammal
video\IGSJKDPO.mp4,Keeping still,Leopard,Mammal
video\IIAZJFGA.mp4,Walking,Wildebeest,Mammal
video\ILBGLNPL.mp4,Sensing,Squirrel,Mammal
video\ISBVMNPL.mp4,Attending,Squirrel,Mammal
video\IVNWICNX.mp4,Walking,Wolf,Mammal
video\IXHKTAMC.mp4,Walking,Lion Young,Mammal
video\JAMZRAMC.mp4,Walking,Lion Young,Mammal
video\JBVMVFYY.mp4,Walking,Otter,Mammal
video\JCISVZON.mp4,Attending,Elephant,Mammal
video\JDOJLKEW.mp4,Eating,Giraffe,Mammal
video\JEKMKICI.mp4,Keeping still,Cheetah,Mammal
video\JEVMUXDO.mp4,Running,Zebra,Mammal
video\JLYEQDSN.mp4,Running,Snow Leopard,Mammal
video\JNTIADSN.mp4,Sensing,Snow Leopard,Mammal
video\JWCALFGA.mp4,Running,Caribou,Mammal
video\JWSQNAMC.mp4,Sensing,Lion Young,Mammal
video\JYRPBFGA.mp4,Walking,Wildebeest,Mammal
video\KCSEVGCS.mp4,Walking,Leopard,Mammal
video\KDFVQDSN.mp4,Jumping,Jaculus Jaculus,Mammal
video\KGYMGAMC.mp4,Sensing,Lion,Mammal
video\KIWAPCNX.mp4,Sensing,Wolf,Mammal
video\KLBVVDSN.mp4,Attending,Buffalo,Mammal
video\KMUGKXDO.mp4,Walking,Porcupine,Mammal
video\KNCDHEUV.mp4,Walking,Antelope,Mammal
video\KPYNGXDO.mp4,Walking,Buffalo,Mammal
video\KTOPSNPL.mp4,Walking,Chimpanzee,Mammal
video\KURRZFGA.mp4,Running,Wild Dog,Mammal
video\KVBIUKEW.mp4,Running,Giraffe,Mammal
video\KXQMWNPL.mp4,Jumping,Squirrel,Mammal
video\LCYINAMC.mp4,Walking,Rhinoceros,Mammal
video\LHCTQCNX.mp4,Sensing,Wolf,Mammal
video\LQKLZEBY.mp4,Sensing,Fox,Mammal
video\LVKUHAMC.mp4,Sensing,Lion Young,Mammal
video\LYHBZUXS.mp4,Eating,Zebra,Mammal
video\MAPGRXGD.mp4,Walking,Horse,Mammal
video\MCCZCDSN.mp4,Walking,Cheetah,Mammal
video\MCRXGBQT.mp4,Sensing,Otter,Mammal
video\MLBDOMYV.mp4,Eating,Mountain Gorilla,Mammal
video\MRPVZAMC.mp4,Walking,Lion Young,Mammal
video\MTVJCEBY.mp4,Sensing,Fox,Mammal
video\MYZLDDSN.mp4,Sensing,Jaculus Jaculus,Mammal
video\MZGAIFGA.mp4,Walking,Tiger,Mammal
video\NBZGXNPO.mp4,Running,Lion,Mammal
video\NGRURCNX.mp4,Walking,Wolf,Mammal
video\NPTUJKEW.mp4,Keeping still,Pika,Mammal
video\NRUTENPO.mp4,Attending,Lion,Mammal
video\NSBJDBME.mp4,Eating,Horse,Mammal
video\NYXAOAMC.mp4,Walking,Lion Young,Mammal
video\NZEATEZZ.mp4,Attending,Spotted Deer,Mammal
video\ODSCOKEW.mp4,Keeping still,Cheetah,Mammal
video\OEVJMKEW.mp4,Jumping,Rabbit,Mammal
video\OIOASICI.mp4,Keeping still,Cheetah,Mammal
video\OOVVNDSN.mp4,Running,Snow Leopard,Mammal
video\OQFUJDSN.mp4,Keeping still,Desert Fox,Mammal
video\OVZNZAMC.mp4,Walking,Lion,Mammal
video\PAAMUKEW.mp4,Running,Stoat,Mammal
video\PAQDBFKM.mp4,Attending,Meerkat,Mammal
video\PJVKHKEW.mp4,Attending,Giraffe,Mammal
video\PLRNOKEW.mp4,Jumping,Stoat,Mammal
video\PQFYUDSN.mp4,Walking,Markhor Goat,Mammal
video\PREPEKEW.mp4,Jumping,Pika,Mammal
video\PRGKPCNX.mp4,Walking,Wolf,Mammal
video\PVVFIPIK.mp4,Sensing,Polar Bear,Mammal
video\QBGNXAMC.mp4,Walking,Lion Young,Mammal
video\QBWWRNBD.mp4,Walking,Elephant,Mammal
video\QDADRDSN.mp4,Walking,Snow Leopard,Mammal
video\QFXEKDSN.mp4,Walking,Cheetah,Mammal
video\QHORLKEW.mp4,Walking,Giraffe,Mammal
video\QPHNRAMC.mp4,Walking,Lion Young,Mammal
video\QUBATNPL.mp4,Attending,Squirrel,Mammal
video\QWWGKGCS.mp4,Running,Elephant,Mammal
video\RAUURFGA.mp4,Running,Wild Dog,Mammal
video\RHTRXAMC.mp4,Walking,Lion Young,Mammal
video\RLZIZGCS.mp4,Walking,Elephant,Mammal
video\RNHWUNPO.mp4,Running,Hyena,Mammal
video\ROMNANPL.mp4,Sensing,Grey Langur,Mammal
video\RPURKXDO.mp4,Sensing,Lion,Mammal
video\RRKSZBQT.mp4,Eating,Otter,Mammal
video\RSPGWKEW.mp4,Jumping,Pika,Mammal
video\RUXMMNBD.mp4,Sensing,Stump-Tailed Macaque,Mammal
video\RYZABEBY.mp4,Eating,Fox,Mammal
video\RZBWVNBD.mp4,Walking,Malayan Porcupine,Mammal
video\RZOXUEUV.mp4,Keeping still,Giraffe,Mammal
video\SCVQGAMC.mp4,Keeping still,Lion,Mammal
video\SFYPQEZZ.mp4,Keeping still,Spotted Deer,Mammal
video\SGEXGZON.mp4,Eating,Deer,Mammal
video\SGYRTKEW.mp4,Walking,Antelope,Mammal
video\SHMFEGCS.mp4,Running,Elephant,Mammal
video\SKOYTKEW.mp4,Keeping still,Rabbit,Mammal
video\SLVSUGCS.mp4,Sensing,Leopard,Mammal
video\SWKEJXDO.mp4,Keeping still,Buffalo,Mammal
video\SYPTOFGA.mp4,Running,Wildebeest,Mammal
video\TABWSFGA.mp4,Running,Wolf,Mammal
video\TBABVDSN.mp4,Walking,Snow Leopard,Mammal
video\TCPFAICI.mp4,Keeping still,Cheetah,Mammal
video\TDGPBDSN.mp4,Running,Wolf,Mammal
video\TEJCGEBY.mp4,Jumping,Fox,Mammal
video\THKNNFGA.mp4,Walking,Wolf,Mammal
video\TKRRDXDO.mp4,Walking,Lion,Mammal
video\TNANEFGA.mp4,Walking,Wild Dog,Mammal
video\TUBJVCNX.mp4,Sensing,Wolf,Mammal
video\TXXOQFGA.mp4,Running,Wildebeest,Mammal
video\TZNNTFGA.mp4,Walking,Wildebeest,Mammal
video\UBOYQDSN.mp4,Jumping,Jaculus Jaculus,Mammal
video\UFSRBFGA.mp4,Running,Caribou,Mammal
video\UFUVMFKM.mp4,Running,Meerkat,Mammal
video\UJTTXAMC.mp4,Walking,Lion Young,Mammal
video\UKLUXAMC.mp4,Walking,Lion Young,Mammal
video\URQLVICI.mp4,Keeping still,Cheetah,Mammal
video\USRNZDSN.mp4,Walking,Desert Fox,Mammal
video\UVFRLCNX.mp4,Walking,Wolf,Mammal
video\UVJBWCNX.mp4,Walking,Wolf,Mammal
video\UVYRNEBY.mp4,Walking,Fox,Mammal
video\VDOTMAMC.mp4,Running,Lion Young,Mammal
video\VERIMAMC.mp4,Sensing,Lion,Mammal
video\VFWIFCNX.mp4,Eating,Wolf,Mammal
video\VHSFPCNX.mp4,Walking,Wolf,Mammal
video\VOQBHTEK.mp4,Jumping,Sri Lankan Leopard,Mammal
video\VORGYMYV.mp4,Sensing,Gorilla,Mammal
video\VPLOIDSN.mp4,Sensing,Snow Leopard,Mammal
video\VRMNJFGA.mp4,Running,Wildebeest,Mammal
video\WFESGFGA.mp4,Running,Caribou,Mammal
video\WGAVYDSN.mp4,Jumping,Jaculus Jaculus,Mammal
video\WGCEPFGA.mp4,Running,Wildebeest,Mammal
video\WKPGVEBY.mp4,Keeping still,Fox,Mammal
video\WMOQCKEW.mp4,Eating,Rabbit,Mammal
video\WNJGZFFP.mp4,Jumping,Squirrel,Mammal
video\WXAHYDSN.mp4,Jumping,Jaculus Jaculus,Mammal
video\WXJUJDPO.mp4,Sensing,Leopard,Mammal
video\WYIPVICI.mp4,Keeping still,Cheetah,Mammal
video\WZKHHCNX.mp4,Walking,Wolf,Mammal
video\WZWGWNPL.mp4,Running,Squirrel,Mammal
video\XFRBAGCS.mp4,Walking,Giraffe,Mammal
video\XMMYSGCS.mp4,Keeping still,Lion,Mammal
video\XNJIRDSN.mp4,Walking,Markhor Goat,Mammal
video\XROLUCEI.mp4,Running,Chimpanzee,Mammal
video\XTRXIDSN.mp4,Running,Desert Fox,Mammal
video\XWBFDXGD.mp4,Running,Horse,Mammal
video\XWKCRXDO.mp4,Walking,Lion,Mammal
video\XXOXBEZZ.mp4,Keeping still,Sambar Deer,Mammal
video\XXQDLEBY.mp4,Keeping still,Fox,Mammal
video\YBWKDAMC.mp4,Walking,Lion Young,Mammal
video\YGMKLAMC.mp4,Walking,Lion Young,Mammal
video\YGYGTKEW.mp4,Attending,Pika,Mammal
video\YOBUDFYY.mp4,Attending,Otter,Mammal
video\YOBYCNPO.mp4,Attending,Lion,Mammal
video\YVYZGIMN.mp4,Sensing,Mitred Leaf Monkey,Mammal
video\ZADFCEZZ.mp4,Walking,Leopard,Mammal
video\ZDJZICNX.mp4,Walking,Wolf,Mammal
video\ZDLCHFKM.mp4,Keeping still,Meerkat,Mammal
video\ZGPRSEBY.mp4,Jumping,Fox,Mammal
video\ZNIZUXDO.mp4,Walking,Hippopotamus,Mammal
video\ZPPZGJDE.mp4,Walking,Chimpanzee,Mammal
video\ZSGUXGCS.mp4,Walking,Elephant,Mammal
